[1] processed 000002 (11 nodes)
[2] processed 000005 (12 nodes)
[3] processed 000010 (11 nodes)
[4] processed 000140 (11 nodes)
[5] processed 000141 (11 nodes)
[6] processed 000148 (11 nodes)
[7] processed 000182 (12 nodes)
[8] processed 000190 (12 nodes)
[9] processed 000193 (11 nodes)
[10] processed 000194 (12 nodes)
[11] processed 000197 (11 nodes)
[12] processed 000200 (11 nodes)
[13] processed 000203 (11 nodes)
[14] processed 000204 (11 nodes)
[15] processed 000207 (11 nodes)
[16] processed 000210 (12 nodes)
[17] processed 000211 (11 nodes)
[18] processed 000212 (11 nodes)
[19] processed 000213 (11 nodes)
[20] processed 000255 (11 nodes)
[21] processed 000256 (11 nodes)
[22] processed 000368 (11 nodes)
[23] processed 000424 (11 nodes)
[24] processed 000459 (12 nodes)
[25] processed 000534 (11 nodes)
[26] processed 000540 (11 nodes)
[27] processed 000546 (11 nodes)
[28] processed 000574 (11 nodes)
[29] processed 000602 (11 nodes)
[30] processed 000615 (12 nodes)
[31] processed 000620 (11 nodes)
[32] processed 000621 (11 nodes)
[33] processed 000625 (12 nodes)
[34] processed 000666 (12 nodes)
[35] processed 000667 (11 nodes)
[36] processed 000676 (11 nodes)
[37] processed 000690 (11 nodes)
[38] processed 000694 (11 nodes)
[39] processed 000695 (11 nodes)
[40] processed 000704 (11 nodes)
[41] processed 000705 (11 nodes)
[42] processed 000706 (12 nodes)
[43] processed 000707 (11 nodes)
[44] processed 000708 (11 nodes)
[45] processed 000709 (12 nodes)
[46] processed 000714 (11 nodes)
[47] processed 000715 (11 nodes)
[48] processed 000716 (11 nodes)
[49] processed 000718 (12 nodes)
[50] processed 000777 (11 nodes)
[51] processed 000814 (11 nodes)
[52] processed 000821 (12 nodes)
[53] processed 000822 (11 nodes)
[54] processed 000825 (11 nodes)
[55] processed 000853 (12 nodes)
[56] processed 000890 (11 nodes)
[57] processed 000892 (11 nodes)
[58] processed 000897 (11 nodes)
[59] processed 000993 (12 nodes)
[60] processed 000995 (12 nodes)
[61] processed 000997 (12 nodes)
[62] processed 000998 (11 nodes)
[63] processed 001039 (11 nodes)
[64] processed 001040 (11 nodes)
[65] processed 001066 (12 nodes)
[66] processed 001069 (11 nodes)
[67] processed 001073 (12 nodes)
[68] processed 001075 (11 nodes)
[69] processed 001082 (12 nodes)
[70] processed 001083 (11 nodes)
[71] processed 001087 (12 nodes)
[72] processed 001102 (12 nodes)
[73] processed 001193 (12 nodes)
[74] processed 001195 (12 nodes)
[75] processed 001196 (12 nodes)
[76] processed 001197 (11 nodes)
[77] processed 001249 (11 nodes)
[78] processed 001259 (11 nodes)
[79] processed 001270 (12 nodes)
[80] processed 001276 (12 nodes)
[81] processed 001277 (11 nodes)
[82] processed 001278 (12 nodes)
[83] processed 001417 (11 nodes)
[84] processed 001427 (12 nodes)
[85] processed 001443 (11 nodes)
[86] processed 001482 (11 nodes)
[87] processed 001510 (11 nodes)
[88] processed 001544 (12 nodes)
[89] processed 001642 (11 nodes)
[90] processed 001644 (11 nodes)
[91] processed 001649 (11 nodes)
[92] processed 001661 (11 nodes)
[93] processed 001663 (12 nodes)
[94] processed 001666 (11 nodes)
[95] processed 001673 (12 nodes)
[96] processed 001680 (11 nodes)
[97] processed 001681 (11 nodes)
[98] processed 001682 (11 nodes)
[99] processed 001683 (12 nodes)
[100] processed 001684 (11 nodes)
[101] processed 001685 (11 nodes)
[102] processed 001686 (11 nodes)
[103] processed 001687 (11 nodes)
[104] processed 001688 (12 nodes)
[105] processed 001689 (12 nodes)
[106] processed 001701 (11 nodes)
[107] processed 001702 (12 nodes)
[108] processed 001703 (11 nodes)
[109] processed 001704 (12 nodes)
[110] processed 001706 (11 nodes)
[111] processed 001720 (11 nodes)
[112] processed 001732 (12 nodes)
[113] processed 001733 (12 nodes)
[114] processed 001735 (11 nodes)
[115] processed 001736 (11 nodes)
[116] processed 001883 (12 nodes)
[117] processed 001891 (11 nodes)
[118] processed 001893 (11 nodes)
[119] processed 001924 (11 nodes)
[120] processed 001925 (12 nodes)
[121] processed 001929 (11 nodes)
[122] processed 001930 (11 nodes)
[123] processed 002012 (12 nodes)
[124] processed 002096 (11 nodes)
[125] processed 002097 (12 nodes)
[126] processed 002099 (11 nodes)
[127] processed 003263 (11 nodes)
[128] processed 003264 (11 nodes)
[129] processed 003265 (12 nodes)
[130] processed 003266 (12 nodes)
[131] processed 003270 (11 nodes)
[132] processed 003271 (11 nodes)
[133] processed 003272 (11 nodes)
[134] processed 003273 (12 nodes)
[135] processed 003274 (12 nodes)
[136] processed 003492 (12 nodes)
[137] processed 003532 (12 nodes)
[138] processed 003533 (12 nodes)
[139] processed 003534 (11 nodes)
[140] processed 003535 (11 nodes)
[141] processed 003537 (11 nodes)
[142] processed 003538 (11 nodes)
[143] processed 003573 (12 nodes)
[144] processed 003598 (11 nodes)
[145] processed 003624 (12 nodes)
[146] processed 003707 (12 nodes)
[147] processed 003708 (11 nodes)
[148] processed 003720 (11 nodes)
[149] processed 003721 (11 nodes)
[150] processed 003722 (11 nodes)
[151] processed 003724 (12 nodes)
[152] processed 003725 (11 nodes)
[153] processed 003761 (12 nodes)
[154] processed 003762 (12 nodes)
[155] processed 003763 (11 nodes)
[156] processed 003765 (11 nodes)
[157] processed 003766 (11 nodes)
[158] processed 003775 (11 nodes)
[159] processed 003776 (12 nodes)
[160] processed 003777 (11 nodes)
[161] processed 003778 (11 nodes)
[162] processed 003779 (11 nodes)
[163] processed 003832 (11 nodes)
[164] processed 003833 (11 nodes)
[165] processed 003840 (11 nodes)
[166] processed 003880 (11 nodes)
[167] processed 003895 (11 nodes)
[168] processed 003896 (11 nodes)
[169] processed 003904 (12 nodes)
[170] processed 003905 (11 nodes)
[171] processed 003906 (12 nodes)
[172] processed 003908 (11 nodes)
[173] processed 003909 (11 nodes)
[174] processed 003910 (11 nodes)
[175] processed 003911 (12 nodes)
[176] processed 003912 (11 nodes)
[177] processed 003913 (11 nodes)
[178] processed 003920 (11 nodes)
[179] processed 003921 (12 nodes)
[180] processed 003950 (12 nodes)
[181] processed 004013 (11 nodes)
[182] processed 004017 (11 nodes)
[183] processed 004022 (12 nodes)
[184] processed 004037 (12 nodes)
[185] processed 004066 (11 nodes)
[186] processed 004067 (11 nodes)
[187] processed 004068 (12 nodes)
[188] processed 004069 (11 nodes)
[189] processed 004070 (11 nodes)
[190] processed 004071 (11 nodes)
[191] processed 004072 (12 nodes)
[192] processed 004073 (11 nodes)
[193] processed 004074 (11 nodes)
[194] processed 004075 (11 nodes)
[195] processed 004076 (11 nodes)
[196] processed 004077 (11 nodes)
[197] processed 004078 (11 nodes)
[198] processed 004079 (11 nodes)
[199] processed 004080 (12 nodes)
[200] processed 004091 (12 nodes)
[201] processed 004092 (12 nodes)
[202] processed 004093 (12 nodes)
[203] processed 004094 (12 nodes)
[204] processed 004095 (12 nodes)
[205] processed 004096 (11 nodes)
[206] processed 004097 (11 nodes)
[207] processed 004098 (11 nodes)
[208] processed 004099 (11 nodes)
[209] processed 004100 (12 nodes)
[210] processed 004101 (11 nodes)
[211] processed 004102 (12 nodes)
[212] processed 004103 (11 nodes)
[213] processed 004108 (11 nodes)
[214] processed 004232 (12 nodes)
[215] processed 004233 (12 nodes)
[216] processed 004234 (11 nodes)
[217] processed 004235 (12 nodes)
[218] processed 004236 (12 nodes)
[219] processed 004239 (11 nodes)
[220] processed 004450 (11 nodes)
[221] processed 004507 (12 nodes)
[222] processed 004508 (12 nodes)
[223] processed 004509 (12 nodes)
[224] processed 004510 (11 nodes)
[225] processed 004511 (12 nodes)
[226] processed 004519 (11 nodes)
[227] processed 004520 (12 nodes)
[228] processed 004521 (12 nodes)
[229] processed 004522 (11 nodes)
[230] processed 004682 (11 nodes)
[231] processed 004684 (12 nodes)
[232] processed 004685 (11 nodes)
[233] processed 004688 (12 nodes)
[234] processed 004777 (11 nodes)
[235] processed 004778 (12 nodes)
[236] processed 004779 (12 nodes)
[237] processed 004780 (11 nodes)
[238] processed 004781 (11 nodes)
[239] processed 004782 (12 nodes)
[240] processed 004784 (11 nodes)
[241] processed 004785 (12 nodes)
[242] processed 004786 (12 nodes)
[243] processed 004787 (12 nodes)
[244] processed 004788 (12 nodes)
[245] processed 004799 (12 nodes)
[246] processed 004835 (12 nodes)
[247] processed 004836 (12 nodes)
[248] processed 004838 (11 nodes)
[249] processed 004846 (11 nodes)
[250] processed 004848 (11 nodes)
[251] processed 004849 (11 nodes)
[252] processed 005006 (12 nodes)
[253] processed 005156 (11 nodes)
[254] processed 005157 (12 nodes)
[255] processed 005158 (11 nodes)
[256] processed 005159 (12 nodes)
[257] processed 005169 (12 nodes)
[258] processed 005170 (12 nodes)
[259] processed 005171 (12 nodes)
[260] processed 005191 (12 nodes)
[261] processed 005264 (11 nodes)
[262] processed 005268 (11 nodes)
[263] processed 005376 (11 nodes)
[264] processed 005381 (12 nodes)
[265] processed 005521 (12 nodes)
[266] processed 005879 (12 nodes)
[267] processed 005936 (12 nodes)
[268] processed 005940 (12 nodes)
[269] processed 006329 (11 nodes)
[270] processed 006330 (12 nodes)
[271] processed 006331 (11 nodes)
[272] processed 006332 (11 nodes)
[273] processed 006333 (12 nodes)
[274] processed 006342 (11 nodes)
[275] processed 006354 (12 nodes)
[276] processed 006357 (12 nodes)
[277] processed 006358 (12 nodes)
[278] processed 006360 (11 nodes)
[279] processed 006363 (12 nodes)
[280] processed 006366 (12 nodes)
[281] processed 006367 (12 nodes)
[282] processed 006368 (11 nodes)
[283] processed 006370 (12 nodes)
[284] processed 006372 (11 nodes)
[285] processed 006373 (12 nodes)
[286] processed 006376 (11 nodes)
[287] processed 006379 (11 nodes)
[288] processed 006380 (11 nodes)
[289] processed 006381 (11 nodes)
[290] processed 006382 (12 nodes)
[291] processed 006383 (12 nodes)
[292] processed 006385 (12 nodes)
[293] processed 006387 (11 nodes)
[294] processed 006389 (11 nodes)
[295] processed 006390 (12 nodes)
[296] processed 006393 (11 nodes)
[297] processed 006394 (12 nodes)
[298] processed 006396 (12 nodes)
[299] processed 006406 (12 nodes)
[300] processed 006407 (12 nodes)
[301] processed 006439 (12 nodes)
[302] processed 006440 (11 nodes)
[303] processed 006442 (11 nodes)
[304] processed 006443 (12 nodes)
[305] processed 006448 (12 nodes)
[306] processed 006459 (12 nodes)
[307] processed 006461 (11 nodes)
[308] processed 006463 (12 nodes)
[309] processed 006467 (12 nodes)
[310] processed 006469 (11 nodes)
[311] processed 006517 (11 nodes)
[312] processed 006519 (11 nodes)
[313] processed 006603 (11 nodes)
[314] processed 006605 (12 nodes)
[315] processed 006606 (11 nodes)
[316] processed 006607 (11 nodes)
[317] processed 006608 (12 nodes)
[318] processed 006609 (12 nodes)
[319] processed 006610 (12 nodes)
[320] processed 006611 (12 nodes)
[321] processed 006674 (11 nodes)
[322] processed 006675 (11 nodes)
[323] processed 006677 (12 nodes)
[324] processed 006679 (12 nodes)
[325] processed 006680 (12 nodes)
[326] processed 006684 (12 nodes)
[327] processed 006762 (12 nodes)
[328] processed 006776 (11 nodes)
[329] processed 006778 (12 nodes)
[330] processed 006779 (11 nodes)
[331] processed 006782 (12 nodes)
[332] processed 006783 (11 nodes)
[333] processed 006788 (11 nodes)
[334] processed 006802 (11 nodes)
[335] processed 006803 (11 nodes)
[336] processed 006854 (12 nodes)
[337] processed 006855 (11 nodes)
[338] processed 006856 (12 nodes)
[339] processed 006857 (11 nodes)
[340] processed 007011 (11 nodes)
[341] processed 007373 (11 nodes)
[342] processed 007374 (11 nodes)
[343] processed 007375 (11 nodes)
[344] processed 007376 (11 nodes)
[345] processed 007377 (11 nodes)
[346] processed 007378 (12 nodes)
[347] processed 007379 (11 nodes)
[348] processed 007381 (12 nodes)
[349] processed 007383 (12 nodes)
[350] processed 007385 (11 nodes)
[351] processed 007386 (11 nodes)
[352] processed 007388 (11 nodes)
[353] processed 007391 (11 nodes)
[354] processed 007393 (11 nodes)
[355] processed 007481 (11 nodes)
[356] processed 007482 (12 nodes)
[357] processed 007483 (12 nodes)
[358] processed 007487 (11 nodes)
[359] processed 007488 (11 nodes)
[360] processed 007489 (11 nodes)
[361] processed 007490 (11 nodes)
[362] processed 007491 (12 nodes)
[363] processed 007492 (11 nodes)
[364] processed 007495 (11 nodes)
[365] processed 007526 (11 nodes)
[366] processed 007527 (11 nodes)
[367] processed 007528 (12 nodes)
[368] processed 007529 (11 nodes)
[369] processed 007548 (11 nodes)
[370] processed 007554 (12 nodes)
[371] processed 007709 (11 nodes)
[372] processed 007710 (12 nodes)
[373] processed 007711 (11 nodes)
[374] processed 007712 (12 nodes)
[375] processed 007713 (12 nodes)
[376] processed 007872 (11 nodes)
[377] processed 008056 (12 nodes)
[378] processed 008208 (12 nodes)
[379] processed 008256 (12 nodes)
[380] processed 008259 (12 nodes)
[381] processed 008261 (12 nodes)
[382] processed 008345 (11 nodes)
[383] processed 008357 (11 nodes)
[384] processed 008363 (12 nodes)
[385] processed 008372 (12 nodes)
[386] processed 008416 (11 nodes)
[387] processed 009152 (12 nodes)
[388] processed 009155 (12 nodes)
[389] processed 009307 (12 nodes)
[390] processed 009476 (11 nodes)
[391] processed 009477 (11 nodes)
[392] processed 009491 (12 nodes)
[393] processed 009505 (11 nodes)
[394] processed 009511 (11 nodes)
[395] processed 009512 (11 nodes)
[396] processed 009513 (12 nodes)
[397] processed 009550 (11 nodes)
[398] processed 009553 (12 nodes)
[399] processed 009555 (12 nodes)
[400] processed 009557 (11 nodes)
[401] processed 009559 (11 nodes)
[402] processed 009560 (12 nodes)
[403] processed 009678 (12 nodes)
[404] processed 009721 (12 nodes)
[405] processed 009846 (12 nodes)
[406] processed 009887 (11 nodes)
[407] processed 009888 (11 nodes)
[408] processed 009918 (11 nodes)
[409] processed 009962 (11 nodes)
[410] processed 010186 (11 nodes)
[411] processed 010192 (11 nodes)
[412] processed 010250 (11 nodes)
[413] processed 010374 (11 nodes)
[414] processed 010375 (11 nodes)
[415] processed 010376 (11 nodes)
[416] processed 010377 (11 nodes)
[417] processed 010381 (11 nodes)
[418] processed 010382 (11 nodes)
[419] processed 010383 (11 nodes)
[420] processed 010384 (12 nodes)
[421] processed 010385 (12 nodes)
[422] processed 010386 (12 nodes)
[423] processed 010387 (12 nodes)
[424] processed 010388 (11 nodes)
[425] processed 010389 (12 nodes)
[426] processed 010435 (11 nodes)
[427] processed 010438 (12 nodes)
[428] processed 010439 (11 nodes)
[429] processed 010440 (11 nodes)
[430] processed 010441 (12 nodes)
[431] processed 010442 (12 nodes)
[432] processed 010443 (12 nodes)
[433] processed 010444 (12 nodes)
[434] processed 010447 (11 nodes)
[435] processed 010458 (12 nodes)
[436] processed 010480 (11 nodes)
[437] processed 010481 (11 nodes)
[438] processed 010485 (11 nodes)
[439] processed 010521 (11 nodes)
[440] processed 010527 (12 nodes)
[441] processed 010535 (11 nodes)
[442] processed 010541 (11 nodes)
[443] processed 010575 (12 nodes)
[444] processed 010577 (12 nodes)
[445] processed 010668 (11 nodes)
[446] processed 010669 (12 nodes)
[447] processed 010670 (12 nodes)
[448] processed 010671 (11 nodes)
[449] processed 010672 (12 nodes)
[450] processed 010673 (11 nodes)
[451] processed 010674 (12 nodes)
[452] processed 010675 (11 nodes)
[453] processed 010676 (11 nodes)
[454] processed 010677 (12 nodes)
[455] processed 010678 (12 nodes)
[456] processed 010679 (12 nodes)
[457] processed 010682 (12 nodes)
[458] processed 010684 (12 nodes)
[459] processed 010693 (11 nodes)
[460] processed 010694 (12 nodes)
[461] processed 010695 (11 nodes)
[462] processed 010696 (12 nodes)
[463] processed 010697 (12 nodes)
[464] processed 010698 (12 nodes)
[465] processed 010699 (12 nodes)
[466] processed 010805 (11 nodes)
[467] processed 010806 (12 nodes)
[468] processed 010807 (12 nodes)
[469] processed 010808 (11 nodes)
[470] processed 010809 (12 nodes)
[471] processed 010810 (12 nodes)
[472] processed 010983 (12 nodes)
[473] processed 010992 (12 nodes)
[474] processed 010993 (12 nodes)
[475] processed 011019 (11 nodes)
[476] processed 011020 (11 nodes)
[477] processed 011059 (12 nodes)
[478] processed 011198 (12 nodes)
[479] processed 011199 (11 nodes)
[480] processed 011200 (12 nodes)
[481] processed 011204 (11 nodes)
[482] processed 011206 (12 nodes)
[483] processed 011234 (11 nodes)
[484] processed 011237 (12 nodes)
[485] processed 011239 (11 nodes)
[486] processed 011242 (12 nodes)
[487] processed 011261 (11 nodes)
[488] processed 011262 (11 nodes)
[489] processed 011264 (11 nodes)
[490] processed 011268 (11 nodes)
[491] processed 011298 (11 nodes)
[492] processed 011299 (11 nodes)
[493] processed 011306 (12 nodes)
[494] processed 011333 (12 nodes)
[495] processed 011334 (11 nodes)
[496] processed 011503 (12 nodes)
[497] processed 011504 (11 nodes)
[498] processed 011505 (11 nodes)
[499] processed 011508 (11 nodes)
[500] processed 011544 (12 nodes)
[501] processed 011638 (11 nodes)
[502] processed 011671 (11 nodes)
[503] processed 011672 (11 nodes)
[504] processed 011673 (12 nodes)
[505] processed 011674 (11 nodes)
[506] processed 011675 (11 nodes)
[507] processed 011677 (12 nodes)
[508] processed 011679 (12 nodes)
[509] processed 011681 (12 nodes)
[510] processed 011682 (11 nodes)
[511] processed 011683 (11 nodes)
[512] processed 011763 (11 nodes)
[513] processed 011764 (11 nodes)
[514] processed 011765 (11 nodes)
[515] processed 011766 (11 nodes)
[516] processed 011767 (11 nodes)
[517] processed 011768 (11 nodes)
[518] processed 011769 (11 nodes)
[519] processed 011770 (11 nodes)
[520] processed 011771 (12 nodes)
[521] processed 011772 (11 nodes)
[522] processed 011773 (11 nodes)
[523] processed 011774 (12 nodes)
[524] processed 011775 (12 nodes)
[525] processed 011776 (12 nodes)
[526] processed 011777 (11 nodes)
[527] processed 011778 (12 nodes)
[528] processed 011779 (11 nodes)
[529] processed 011780 (11 nodes)
[530] processed 011781 (11 nodes)
[531] processed 011782 (11 nodes)
[532] processed 011783 (12 nodes)
[533] processed 011784 (11 nodes)
[534] processed 011785 (12 nodes)
[535] processed 011786 (11 nodes)
[536] processed 011787 (12 nodes)
[537] processed 011788 (12 nodes)
[538] processed 011789 (11 nodes)
[539] processed 011790 (12 nodes)
[540] processed 011791 (12 nodes)
[541] processed 011792 (12 nodes)
[542] processed 011793 (12 nodes)
[543] processed 011794 (12 nodes)
[544] processed 011795 (12 nodes)
[545] processed 011803 (12 nodes)
[546] processed 011818 (11 nodes)
[547] processed 011839 (11 nodes)
[548] processed 011861 (11 nodes)
[549] processed 011862 (11 nodes)
[550] processed 011867 (11 nodes)
[551] processed 011868 (11 nodes)
[552] processed 011916 (11 nodes)
[553] processed 011917 (11 nodes)
[554] processed 011918 (12 nodes)
[555] processed 011919 (12 nodes)
[556] processed 011920 (11 nodes)
[557] processed 011921 (12 nodes)
[558] processed 011922 (12 nodes)
[559] processed 011933 (12 nodes)
[560] processed 011937 (11 nodes)
[561] processed 011942 (11 nodes)
[562] processed 011946 (11 nodes)
[563] processed 011947 (11 nodes)
[564] processed 011951 (11 nodes)
[565] processed 012045 (12 nodes)
[566] processed 012046 (11 nodes)
[567] processed 012047 (12 nodes)
[568] processed 012048 (12 nodes)
[569] processed 012049 (12 nodes)
[570] processed 012050 (12 nodes)
[571] processed 012051 (12 nodes)
[572] processed 012052 (11 nodes)
[573] processed 012053 (11 nodes)
[574] processed 012058 (11 nodes)
[575] processed 012059 (11 nodes)
[576] processed 012060 (12 nodes)
[577] processed 012061 (12 nodes)
[578] processed 012062 (11 nodes)
[579] processed 012064 (11 nodes)
[580] processed 012065 (12 nodes)
[581] processed 012066 (11 nodes)
[582] processed 012067 (11 nodes)
[583] processed 012109 (11 nodes)
[584] processed 012146 (12 nodes)
[585] processed 012147 (12 nodes)
[586] processed 012173 (11 nodes)
[587] processed 012174 (12 nodes)
[588] processed 012179 (12 nodes)
[589] processed 012188 (11 nodes)
[590] processed 012189 (11 nodes)
[591] processed 012346 (12 nodes)
[592] processed 012348 (11 nodes)
[593] processed 012349 (11 nodes)
[594] processed 012350 (12 nodes)
[595] processed 012351 (11 nodes)
[596] processed 012352 (11 nodes)
[597] processed 012353 (11 nodes)
[598] processed 012355 (11 nodes)
[599] processed 012376 (12 nodes)
[600] processed 012387 (12 nodes)
[601] processed 012390 (12 nodes)
[602] processed 012394 (12 nodes)
[603] processed 012481 (12 nodes)
[604] processed 012482 (12 nodes)
[605] processed 012484 (11 nodes)
[606] processed 012485 (11 nodes)
[607] processed 012486 (11 nodes)
[608] processed 012487 (12 nodes)
[609] processed 012488 (11 nodes)
[610] processed 012489 (11 nodes)
[611] processed 012490 (11 nodes)
[612] processed 012508 (11 nodes)
[613] processed 012513 (12 nodes)
[614] processed 012514 (11 nodes)
[615] processed 012518 (11 nodes)
[616] processed 012521 (12 nodes)
[617] processed 012526 (12 nodes)
[618] processed 012527 (11 nodes)
[619] processed 012530 (11 nodes)
[620] processed 012531 (12 nodes)
[621] processed 012532 (11 nodes)
[622] processed 012537 (12 nodes)
[623] processed 012551 (12 nodes)
[624] processed 012552 (11 nodes)
[625] processed 012654 (11 nodes)
[626] processed 012690 (12 nodes)
[627] processed 012691 (12 nodes)
[628] processed 012692 (12 nodes)
[629] processed 012737 (12 nodes)
[630] processed 012985 (11 nodes)
[631] processed 012986 (12 nodes)
[632] processed 013191 (11 nodes)
[633] processed 013197 (12 nodes)
[634] processed 013199 (11 nodes)
[635] processed 013201 (11 nodes)
[636] processed 013218 (12 nodes)
[637] processed 013220 (12 nodes)
[638] processed 013325 (11 nodes)
[639] processed 013328 (11 nodes)
[640] processed 013362 (12 nodes)
[641] processed 013378 (11 nodes)
[642] processed 013474 (11 nodes)
[643] processed 013537 (12 nodes)
[644] processed 013538 (12 nodes)
[645] processed 013539 (11 nodes)
[646] processed 013540 (12 nodes)
[647] processed 013556 (12 nodes)
[648] processed 013561 (12 nodes)
[649] processed 013562 (12 nodes)
[650] processed 013566 (12 nodes)
[651] processed 013571 (11 nodes)
[652] processed 013578 (12 nodes)
[653] processed 013591 (12 nodes)
[654] processed 013596 (12 nodes)
[655] processed 013666 (11 nodes)
[656] processed 013668 (12 nodes)
[657] processed 013670 (11 nodes)
[658] processed 013706 (11 nodes)
[659] processed 013707 (12 nodes)
[660] processed 013708 (11 nodes)
[661] processed 013709 (11 nodes)
[662] processed 013710 (12 nodes)
[663] processed 013711 (11 nodes)
[664] processed 013735 (11 nodes)
[665] processed 013747 (12 nodes)
[666] processed 013748 (11 nodes)
[667] processed 013749 (12 nodes)
[668] processed 013767 (11 nodes)
[669] processed 013768 (12 nodes)
[670] processed 013804 (12 nodes)
[671] processed 013927 (11 nodes)
[672] processed 013928 (12 nodes)
[673] processed 013929 (12 nodes)
[674] processed 013930 (11 nodes)
[675] processed 014063 (11 nodes)
[676] processed 014208 (11 nodes)
[677] processed 014315 (11 nodes)
[678] processed 014316 (12 nodes)
[679] processed 014317 (12 nodes)
[680] processed 014318 (11 nodes)
[681] processed 014319 (12 nodes)
[682] processed 014320 (12 nodes)
[683] processed 014344 (11 nodes)
[684] processed 014358 (11 nodes)
[685] processed 014363 (12 nodes)
[686] processed 014365 (11 nodes)
[687] processed 014386 (11 nodes)
[688] processed 014391 (12 nodes)
[689] processed 014538 (11 nodes)
[690] processed 014539 (12 nodes)
[691] processed 014541 (12 nodes)
[692] processed 014542 (12 nodes)
[693] processed 014568 (11 nodes)
[694] processed 014569 (12 nodes)
[695] processed 014570 (12 nodes)
[696] processed 014571 (11 nodes)
[697] processed 014572 (11 nodes)
[698] processed 014576 (12 nodes)
[699] processed 014577 (12 nodes)
[700] processed 014578 (11 nodes)
[701] processed 014579 (12 nodes)
[702] processed 014580 (11 nodes)
[703] processed 014581 (11 nodes)
[704] processed 014583 (12 nodes)
[705] processed 014584 (12 nodes)
[706] processed 014585 (11 nodes)
[707] processed 014586 (11 nodes)
[708] processed 014588 (11 nodes)
[709] processed 014589 (12 nodes)
[710] processed 014590 (11 nodes)
[711] processed 014601 (12 nodes)
[712] processed 014602 (11 nodes)
[713] processed 014603 (11 nodes)
[714] processed 014604 (11 nodes)
[715] processed 014653 (11 nodes)
[716] processed 014661 (11 nodes)
[717] processed 014663 (11 nodes)
[718] processed 014684 (11 nodes)
[719] processed 014690 (12 nodes)
[720] processed 014693 (12 nodes)
[721] processed 014733 (12 nodes)
[722] processed 014734 (12 nodes)
[723] processed 014735 (12 nodes)
[724] processed 014736 (12 nodes)
[725] processed 014737 (11 nodes)
[726] processed 014738 (11 nodes)
[727] processed 014739 (12 nodes)
[728] processed 014740 (12 nodes)
[729] processed 014741 (12 nodes)
[730] processed 014742 (11 nodes)
[731] processed 014743 (11 nodes)
[732] processed 014744 (12 nodes)
[733] processed 014745 (11 nodes)
[734] processed 014809 (12 nodes)
[735] processed 014869 (12 nodes)
[736] processed 015094 (11 nodes)
[737] processed 015210 (11 nodes)
[738] processed 015464 (12 nodes)
[739] processed 015469 (12 nodes)
[740] processed 015471 (11 nodes)
[741] processed 015475 (12 nodes)
[742] processed 015476 (11 nodes)
[743] processed 015487 (11 nodes)
[744] processed 015488 (12 nodes)
[745] processed 015540 (11 nodes)
[746] processed 015541 (11 nodes)
[747] processed 015542 (11 nodes)
[748] processed 015543 (11 nodes)
[749] processed 015625 (12 nodes)
[750] processed 015769 (11 nodes)
[751] processed 015770 (11 nodes)
[752] processed 015771 (11 nodes)
[753] processed 015772 (12 nodes)
[754] processed 015773 (11 nodes)
[755] processed 015880 (11 nodes)
[756] processed 016095 (12 nodes)
[757] processed 016155 (12 nodes)
[758] processed 016158 (11 nodes)
[759] processed 016162 (11 nodes)
[760] processed 016163 (11 nodes)
[761] processed 016334 (12 nodes)
[762] processed 016337 (11 nodes)
[763] processed 016338 (12 nodes)
[764] processed 016339 (11 nodes)
[765] processed 016340 (12 nodes)
[766] processed 016354 (12 nodes)
[767] processed 016743 (11 nodes)
[768] processed 016744 (12 nodes)
[769] processed 016745 (12 nodes)
[770] processed 016747 (11 nodes)
[771] processed 016819 (11 nodes)
[772] processed 016820 (11 nodes)
[773] processed 016821 (12 nodes)
[774] processed 016822 (11 nodes)
[775] processed 016878 (12 nodes)
[776] processed 016879 (11 nodes)
[777] processed 016880 (11 nodes)
[778] processed 016895 (11 nodes)
[779] processed 016994 (11 nodes)
[780] processed 016995 (11 nodes)
[781] processed 016997 (11 nodes)
[782] processed 017132 (11 nodes)
[783] processed 017344 (12 nodes)
[784] processed 017345 (11 nodes)
[785] processed 017462 (11 nodes)
[786] processed 017491 (11 nodes)
[787] processed 017496 (11 nodes)
[788] processed 017499 (11 nodes)
[789] processed 017500 (11 nodes)
[790] processed 017573 (11 nodes)
[791] processed 017588 (11 nodes)
[792] processed 017605 (12 nodes)
[793] processed 017606 (11 nodes)
[794] processed 017607 (11 nodes)
[795] processed 017608 (12 nodes)
[796] processed 017609 (12 nodes)
[797] processed 017610 (11 nodes)
[798] processed 017611 (11 nodes)
[799] processed 017631 (11 nodes)
[800] processed 017632 (11 nodes)
[801] processed 017633 (11 nodes)
[802] processed 017634 (11 nodes)
[803] processed 017635 (11 nodes)
[804] processed 017636 (11 nodes)
[805] processed 017637 (11 nodes)
[806] processed 017644 (12 nodes)
[807] processed 017735 (12 nodes)
[808] processed 017782 (11 nodes)
[809] processed 017884 (11 nodes)
[810] processed 017906 (12 nodes)
[811] processed 018031 (12 nodes)
[812] processed 018032 (11 nodes)
[813] processed 018033 (12 nodes)
[814] processed 018034 (12 nodes)
[815] processed 018037 (11 nodes)
[816] processed 018038 (12 nodes)
[817] processed 018039 (12 nodes)
[818] processed 018043 (11 nodes)
[819] processed 018044 (11 nodes)
[820] processed 018112 (11 nodes)
[821] processed 018124 (11 nodes)
[822] processed 018144 (12 nodes)
[823] processed 018145 (12 nodes)
[824] processed 018146 (11 nodes)
[825] processed 018159 (11 nodes)
[826] processed 018197 (11 nodes)
[827] processed 018350 (11 nodes)
[828] processed 018607 (12 nodes)
[829] processed 018611 (11 nodes)
[830] processed 018876 (12 nodes)
[831] processed 018877 (12 nodes)
[832] processed 018887 (12 nodes)
[833] processed 019073 (12 nodes)
[834] processed 019074 (11 nodes)
[835] processed 019179 (11 nodes)
[836] processed 019184 (11 nodes)
[837] processed 019187 (11 nodes)
[838] processed 019192 (12 nodes)
[839] processed 019412 (11 nodes)
[840] processed 019413 (11 nodes)
[841] processed 019415 (11 nodes)
[842] processed 019416 (11 nodes)
[843] processed 019417 (11 nodes)
[844] processed 019418 (11 nodes)
[845] processed 019420 (11 nodes)
[846] processed 019422 (11 nodes)
[847] processed 019423 (12 nodes)
[848] processed 019425 (12 nodes)
[849] processed 019438 (12 nodes)
[850] processed 019439 (11 nodes)
[851] processed 019441 (12 nodes)
[852] processed 019442 (12 nodes)
[853] processed 019459 (12 nodes)
[854] processed 019673 (12 nodes)
[855] processed 019674 (11 nodes)
[856] processed 019685 (11 nodes)
[857] processed 019689 (12 nodes)
[858] processed 019707 (12 nodes)
[859] processed 019708 (11 nodes)
[860] processed 019729 (11 nodes)
[861] processed 019758 (11 nodes)
[862] processed 019759 (12 nodes)
[863] processed 019760 (11 nodes)
[864] processed 019889 (11 nodes)
[865] processed 019890 (11 nodes)
[866] processed 019891 (12 nodes)
[867] processed 020050 (12 nodes)
[868] processed 020296 (11 nodes)
[869] processed 020361 (12 nodes)
[870] processed 020362 (11 nodes)
[871] processed 020364 (12 nodes)
[872] processed 020365 (12 nodes)
[873] processed 020366 (11 nodes)
[874] processed 020369 (12 nodes)
[875] processed 020372 (12 nodes)
[876] processed 020373 (11 nodes)
[877] processed 020374 (11 nodes)
[878] processed 020375 (11 nodes)
[879] processed 020376 (12 nodes)
[880] processed 020424 (12 nodes)
[881] processed 020432 (11 nodes)
[882] processed 020469 (12 nodes)
[883] processed 020667 (11 nodes)
[884] processed 020704 (12 nodes)
[885] processed 020818 (11 nodes)
[886] processed 021058 (11 nodes)
[887] processed 021085 (11 nodes)
[888] processed 021087 (12 nodes)
[889] processed 021167 (11 nodes)
[890] processed 021228 (11 nodes)
[891] processed 021231 (12 nodes)
[892] processed 021232 (11 nodes)
[893] processed 021400 (11 nodes)
[894] processed 021401 (12 nodes)
[895] processed 021402 (11 nodes)
[896] processed 021403 (12 nodes)
[897] processed 021404 (11 nodes)
[898] processed 021409 (12 nodes)
[899] processed 021422 (11 nodes)
[900] processed 021565 (11 nodes)
[901] processed 021587 (12 nodes)
[902] processed 021657 (11 nodes)
[903] processed 021672 (12 nodes)
[904] processed 021676 (11 nodes)
[905] processed 021677 (12 nodes)
[906] processed 021707 (12 nodes)
[907] processed 021774 (11 nodes)
[908] processed 021842 (12 nodes)
[909] processed 021859 (11 nodes)
[910] processed 021860 (12 nodes)
[911] processed 021891 (12 nodes)
[912] processed 021895 (12 nodes)
[913] processed 021995 (11 nodes)
[914] processed 021996 (11 nodes)
[915] processed 021997 (11 nodes)
[916] processed 021998 (12 nodes)
[917] processed 021999 (11 nodes)
[918] processed 022000 (11 nodes)
[919] processed 022001 (12 nodes)
[920] processed 022088 (12 nodes)
[921] processed 022091 (12 nodes)
[922] processed 022093 (12 nodes)
[923] processed 022094 (12 nodes)
[924] processed 022095 (12 nodes)
[925] processed 022097 (12 nodes)
[926] processed 022150 (11 nodes)
[927] processed 022295 (12 nodes)
[928] processed 022296 (11 nodes)
[929] processed 022315 (11 nodes)
[930] processed 022348 (11 nodes)
[931] processed 022472 (12 nodes)
[932] processed 022473 (12 nodes)
[933] processed 022474 (12 nodes)
[934] processed 022475 (12 nodes)
[935] processed 022476 (11 nodes)
[936] processed 022477 (12 nodes)
[937] processed 022478 (12 nodes)
[938] processed 022479 (11 nodes)
[939] processed 022480 (11 nodes)
[940] processed 022481 (11 nodes)
[941] processed 023010 (11 nodes)
[942] processed 023013 (11 nodes)
[943] processed 023014 (12 nodes)
[944] processed 023015 (11 nodes)
[945] processed 023016 (12 nodes)
[946] processed 023037 (11 nodes)
[947] processed 023039 (12 nodes)
[948] processed 023041 (12 nodes)
[949] processed 023063 (12 nodes)
[950] processed 023155 (12 nodes)
[951] processed 023156 (11 nodes)
[952] processed 023172 (12 nodes)
[953] processed 023329 (11 nodes)
[954] processed 023353 (12 nodes)
[955] processed 023355 (12 nodes)
[956] processed 023371 (12 nodes)
[957] processed 023372 (12 nodes)
[958] processed 023505 (11 nodes)
[959] processed 023862 (12 nodes)
[960] processed 024216 (11 nodes)
[961] processed 024217 (12 nodes)
[962] processed 024218 (12 nodes)
[963] processed 024362 (12 nodes)
[964] processed 024363 (11 nodes)
[965] processed 024364 (11 nodes)
[966] processed 024365 (11 nodes)
[967] processed 024366 (12 nodes)
[968] processed 024367 (11 nodes)
[969] processed 024368 (12 nodes)
[970] processed 024369 (11 nodes)
[971] processed 024370 (11 nodes)
[972] processed 024371 (12 nodes)
[973] processed 024418 (12 nodes)
[974] processed 024420 (12 nodes)
[975] processed 024421 (11 nodes)
[976] processed 024422 (11 nodes)
[977] processed 024423 (11 nodes)
[978] processed 024424 (12 nodes)
[979] processed 024425 (12 nodes)
[980] processed 024426 (11 nodes)
[981] processed 024427 (12 nodes)
[982] processed 024428 (12 nodes)
[983] processed 024429 (11 nodes)
[984] processed 024430 (12 nodes)
[985] processed 024431 (11 nodes)
[986] processed 024432 (11 nodes)
[987] processed 024512 (11 nodes)
[988] processed 024515 (12 nodes)
[989] processed 024521 (12 nodes)
[990] processed 024524 (11 nodes)
[991] processed 024698 (12 nodes)
[992] processed 024699 (12 nodes)
[993] processed 024700 (11 nodes)
[994] processed 024701 (11 nodes)
[995] processed 024702 (12 nodes)
[996] processed 024717 (11 nodes)
[997] processed 024720 (11 nodes)
[998] processed 024739 (12 nodes)
[999] processed 024741 (12 nodes)
[1000] processed 024742 (12 nodes)
[1001] processed 024745 (11 nodes)
[1002] processed 024746 (11 nodes)
[1003] processed 024747 (11 nodes)
[1004] processed 024748 (12 nodes)
[1005] processed 024749 (12 nodes)
[1006] processed 024842 (11 nodes)
[1007] processed 024898 (11 nodes)
[1008] processed 024899 (12 nodes)
[1009] processed 024901 (12 nodes)
[1010] processed 024912 (12 nodes)
[1011] processed 024915 (11 nodes)
[1012] processed 024917 (12 nodes)
[1013] processed 024963 (12 nodes)
[1014] processed 024975 (11 nodes)
[1015] processed 024983 (11 nodes)
[1016] processed 025028 (11 nodes)
[1017] processed 025029 (12 nodes)
[1018] processed 025030 (11 nodes)
[1019] processed 025031 (11 nodes)
[1020] processed 025032 (11 nodes)
[1021] processed 025033 (12 nodes)
[1022] processed 025055 (12 nodes)
[1023] processed 025063 (11 nodes)
[1024] processed 025066 (11 nodes)
[1025] processed 025104 (12 nodes)
[1026] processed 025124 (11 nodes)
[1027] processed 025215 (12 nodes)
[1028] processed 025216 (11 nodes)
[1029] processed 025227 (11 nodes)
[1030] processed 025232 (11 nodes)
[1031] processed 025233 (11 nodes)
[1032] processed 025234 (11 nodes)
[1033] processed 025235 (12 nodes)
[1034] processed 025324 (11 nodes)
[1035] processed 025378 (11 nodes)
[1036] processed 025601 (11 nodes)
[1037] processed 025603 (11 nodes)
[1038] processed 025605 (11 nodes)
[1039] processed 025606 (11 nodes)
[1040] processed 025608 (11 nodes)
[1041] processed 025609 (12 nodes)
[1042] processed 025668 (11 nodes)
[1043] processed 025669 (11 nodes)
[1044] processed 025670 (11 nodes)
[1045] processed 025795 (12 nodes)
[1046] processed 025796 (12 nodes)
[1047] processed 025797 (11 nodes)
[1048] processed 025802 (12 nodes)
[1049] processed 025804 (12 nodes)
[1050] processed 026007 (11 nodes)
[1051] processed 026008 (11 nodes)
[1052] processed 026010 (11 nodes)
[1053] processed 026011 (11 nodes)
[1054] processed 026012 (12 nodes)
[1055] processed 026013 (12 nodes)
[1056] processed 026014 (11 nodes)
[1057] processed 026016 (12 nodes)
[1058] processed 026017 (11 nodes)
[1059] processed 026020 (12 nodes)
[1060] processed 026021 (11 nodes)
[1061] processed 026022 (11 nodes)
[1062] processed 026025 (11 nodes)
[1063] processed 026026 (11 nodes)
[1064] processed 026034 (12 nodes)
[1065] processed 026035 (12 nodes)
[1066] processed 026036 (12 nodes)
[1067] processed 026169 (12 nodes)
[1068] processed 026174 (11 nodes)
[1069] processed 026298 (11 nodes)
[1070] processed 026301 (12 nodes)
[1071] processed 026302 (12 nodes)
[1072] processed 026307 (12 nodes)
[1073] processed 026322 (12 nodes)
[1074] processed 026464 (11 nodes)
[1075] processed 026465 (12 nodes)
[1076] processed 026466 (11 nodes)
[1077] processed 026583 (12 nodes)
[1078] processed 026600 (11 nodes)
[1079] processed 026605 (11 nodes)
[1080] processed 026629 (12 nodes)
[1081] processed 026638 (11 nodes)
[1082] processed 026639 (12 nodes)
[1083] processed 026640 (11 nodes)
[1084] processed 026641 (11 nodes)
[1085] processed 026642 (11 nodes)
[1086] processed 026643 (12 nodes)
[1087] processed 026651 (12 nodes)
[1088] processed 026652 (12 nodes)
[1089] processed 026653 (11 nodes)
[1090] processed 026654 (11 nodes)
[1091] processed 026655 (12 nodes)
[1092] processed 026656 (11 nodes)
[1093] processed 026657 (12 nodes)
[1094] processed 026658 (11 nodes)
[1095] processed 026659 (11 nodes)
[1096] processed 026674 (11 nodes)
[1097] processed 026681 (11 nodes)
[1098] processed 026754 (11 nodes)
[1099] processed 026765 (12 nodes)
[1100] processed 026859 (12 nodes)
[1101] processed 026861 (12 nodes)
[1102] processed 026902 (11 nodes)
[1103] processed 026904 (12 nodes)
[1104] processed 026905 (11 nodes)
[1105] processed 026906 (11 nodes)
[1106] processed 027164 (11 nodes)
[1107] processed 027177 (12 nodes)
[1108] processed 027194 (11 nodes)
[1109] processed 027195 (12 nodes)
[1110] processed 027197 (11 nodes)
[1111] processed 027198 (11 nodes)
[1112] processed 027258 (11 nodes)
[1113] processed 027406 (11 nodes)
[1114] processed 027454 (12 nodes)
[1115] processed 027455 (11 nodes)
[1116] processed 027456 (11 nodes)
[1117] processed 027547 (11 nodes)
[1118] processed 027548 (12 nodes)
[1119] processed 027549 (12 nodes)
[1120] processed 027550 (11 nodes)
[1121] processed 027551 (12 nodes)
[1122] processed 027552 (11 nodes)
[1123] processed 027609 (11 nodes)
[1124] processed 027610 (11 nodes)
[1125] processed 027611 (11 nodes)
[1126] processed 027612 (12 nodes)
[1127] processed 027613 (12 nodes)
[1128] processed 027667 (11 nodes)
[1129] processed 027673 (11 nodes)
[1130] processed 027797 (11 nodes)
[1131] processed 027798 (11 nodes)
[1132] processed 027799 (12 nodes)
[1133] processed 027802 (11 nodes)
[1134] processed 027803 (11 nodes)
[1135] processed 027804 (11 nodes)
[1136] processed 027805 (11 nodes)
[1137] processed 027855 (11 nodes)
[1138] processed 027856 (11 nodes)
[1139] processed 027866 (12 nodes)
[1140] processed 027945 (12 nodes)
[1141] processed 027953 (11 nodes)
[1142] processed 027975 (11 nodes)
[1143] processed 027978 (11 nodes)
[1144] processed 027981 (12 nodes)
[1145] processed 027987 (11 nodes)
[1146] processed 028070 (11 nodes)
[1147] processed 028072 (12 nodes)
[1148] processed 028179 (12 nodes)
[1149] processed 028241 (11 nodes)
[1150] processed 028260 (11 nodes)
[1151] processed 028266 (11 nodes)
[1152] processed 028274 (12 nodes)
[1153] processed 028375 (11 nodes)
[1154] processed 028376 (11 nodes)
[1155] processed 028477 (12 nodes)
[1156] processed 028478 (12 nodes)
[1157] processed 028479 (11 nodes)
[1158] processed 028480 (12 nodes)
[1159] processed 028481 (12 nodes)
[1160] processed 028482 (11 nodes)
[1161] processed 028483 (11 nodes)
[1162] processed 028484 (12 nodes)
[1163] processed 028485 (11 nodes)
[1164] processed 028546 (11 nodes)
[1165] processed 028548 (12 nodes)
[1166] processed 028553 (12 nodes)
[1167] processed 028571 (11 nodes)
[1168] processed 028608 (11 nodes)
[1169] processed 028692 (12 nodes)
[1170] processed 028802 (12 nodes)
[1171] processed 029037 (12 nodes)
[1172] processed 029039 (12 nodes)
[1173] processed 029040 (11 nodes)
[1174] processed 029041 (11 nodes)
[1175] processed 029042 (12 nodes)
[1176] processed 029043 (12 nodes)
[1177] processed 029044 (12 nodes)
[1178] processed 029045 (11 nodes)
[1179] processed 029128 (11 nodes)
[1180] processed 029180 (12 nodes)
[1181] processed 029243 (11 nodes)
[1182] processed 029245 (12 nodes)
[1183] processed 029255 (12 nodes)
[1184] processed 029271 (11 nodes)
[1185] processed 029272 (11 nodes)
[1186] processed 029350 (11 nodes)
[1187] processed 029351 (11 nodes)
[1188] processed 029355 (11 nodes)
[1189] processed 029465 (12 nodes)
[1190] processed 029480 (12 nodes)
[1191] processed 029526 (11 nodes)
[1192] processed 029528 (12 nodes)
[1193] processed 029530 (11 nodes)
[1194] processed 029587 (12 nodes)
[1195] processed 029602 (11 nodes)
[1196] processed 029673 (12 nodes)
[1197] processed 029718 (11 nodes)
[1198] processed 029719 (11 nodes)
[1199] processed 029720 (12 nodes)
[1200] processed 029721 (12 nodes)
[1201] processed 029738 (11 nodes)
[1202] processed 029739 (12 nodes)
[1203] processed 029740 (11 nodes)
[1204] processed 029741 (11 nodes)
[1205] processed 029742 (12 nodes)
[1206] processed 029744 (11 nodes)
[1207] processed 029745 (11 nodes)
[1208] processed 029746 (12 nodes)
[1209] processed 029747 (12 nodes)
[1210] processed 029750 (11 nodes)
[1211] processed 029752 (12 nodes)
[1212] processed 029807 (12 nodes)
[1213] processed 029813 (12 nodes)
[1214] processed 029816 (12 nodes)
[1215] processed 029961 (11 nodes)
[1216] processed 029971 (11 nodes)
[1217] processed 030041 (11 nodes)
[1218] processed 030043 (11 nodes)
[1219] processed 030050 (11 nodes)
[1220] processed 030056 (11 nodes)
[1221] processed 030058 (12 nodes)
[1222] processed 030059 (11 nodes)
[1223] processed 030090 (12 nodes)
[1224] processed 030095 (11 nodes)
[1225] processed 030120 (12 nodes)
[1226] processed 030196 (11 nodes)
[1227] processed 030198 (11 nodes)
[1228] processed 030230 (11 nodes)
[1229] processed 030316 (12 nodes)
[1230] processed 030486 (11 nodes)
[1231] processed 030487 (11 nodes)
[1232] processed 030488 (12 nodes)
[1233] processed 030519 (11 nodes)
[1234] processed 030520 (11 nodes)
[1235] processed 030521 (12 nodes)
[1236] processed 030522 (11 nodes)
[1237] processed 030636 (12 nodes)
[1238] processed 030682 (12 nodes)
[1239] processed 030690 (12 nodes)
[1240] processed 030702 (11 nodes)
[1241] processed 030740 (12 nodes)
[1242] processed 030895 (11 nodes)
[1243] processed 031040 (12 nodes)
[1244] processed 031041 (12 nodes)
[1245] processed 031042 (12 nodes)
[1246] processed 031043 (11 nodes)
[1247] processed 031044 (11 nodes)
[1248] processed 031165 (11 nodes)
[1249] processed 031356 (11 nodes)
[1250] processed 031389 (11 nodes)
[1251] processed 031390 (12 nodes)
[1252] processed 031391 (12 nodes)
[1253] processed 031392 (12 nodes)
[1254] processed 031568 (11 nodes)
[1255] processed 031807 (11 nodes)
[1256] processed 031887 (11 nodes)
[1257] processed 031888 (12 nodes)
[1258] processed 031889 (12 nodes)
[1259] processed 031999 (11 nodes)
[1260] processed 032001 (11 nodes)
[1261] processed 032021 (12 nodes)
[1262] processed 032075 (12 nodes)
[1263] processed 032081 (12 nodes)
[1264] processed 032218 (11 nodes)
[1265] processed 032325 (11 nodes)
[1266] processed 032326 (12 nodes)
[1267] processed 032327 (11 nodes)
[1268] processed 032328 (11 nodes)
[1269] processed 032329 (12 nodes)
[1270] processed 032330 (12 nodes)
[1271] processed 032331 (12 nodes)
[1272] processed 032332 (11 nodes)
[1273] processed 032333 (11 nodes)
[1274] processed 032334 (12 nodes)
[1275] processed 032335 (12 nodes)
[1276] processed 032336 (11 nodes)
[1277] processed 032337 (12 nodes)
[1278] processed 032338 (12 nodes)
[1279] processed 032339 (12 nodes)
[1280] processed 032340 (11 nodes)
[1281] processed 032433 (11 nodes)
[1282] processed 032435 (11 nodes)
[1283] processed 032437 (12 nodes)
[1284] processed 032438 (11 nodes)
[1285] processed 032439 (11 nodes)
[1286] processed 032525 (12 nodes)
[1287] processed 032686 (11 nodes)
[1288] processed 032687 (11 nodes)
[1289] processed 032689 (12 nodes)
[1290] processed 032693 (11 nodes)
[1291] processed 032694 (11 nodes)
[1292] processed 032695 (12 nodes)
[1293] processed 032755 (12 nodes)
[1294] processed 032756 (11 nodes)
[1295] processed 032759 (12 nodes)
[1296] processed 032760 (12 nodes)
[1297] processed 032800 (12 nodes)
[1298] processed 032882 (12 nodes)
[1299] processed 033020 (12 nodes)
[1300] processed 033049 (12 nodes)
[1301] processed 033050 (11 nodes)
[1302] processed 033064 (12 nodes)
[1303] processed 033067 (11 nodes)
[1304] processed 033068 (12 nodes)
[1305] processed 033069 (12 nodes)
[1306] processed 033070 (11 nodes)
[1307] processed 033071 (11 nodes)
[1308] processed 033072 (11 nodes)
[1309] processed 033123 (12 nodes)
[1310] processed 033124 (12 nodes)
[1311] processed 033203 (12 nodes)
[1312] processed 033216 (11 nodes)
[1313] processed 033221 (11 nodes)
[1314] processed 033278 (11 nodes)
[1315] processed 033415 (11 nodes)
[1316] processed 033422 (12 nodes)
[1317] processed 033424 (12 nodes)
[1318] processed 033426 (11 nodes)
[1319] processed 033446 (12 nodes)
[1320] processed 033459 (12 nodes)
[1321] processed 033460 (11 nodes)
[1322] processed 033461 (11 nodes)
[1323] processed 033465 (12 nodes)
[1324] processed 033477 (11 nodes)
[1325] processed 033486 (12 nodes)
[1326] processed 033538 (11 nodes)
[1327] processed 033992 (12 nodes)
[1328] processed 034003 (12 nodes)
[1329] processed 034147 (11 nodes)
[1330] processed 034167 (12 nodes)
[1331] processed 034257 (11 nodes)
[1332] processed 034258 (11 nodes)
[1333] processed 034263 (11 nodes)
[1334] processed 034484 (11 nodes)
[1335] processed 034510 (11 nodes)
[1336] processed 034511 (11 nodes)
[1337] processed 034994 (11 nodes)
[1338] processed 034996 (12 nodes)
[1339] processed 035007 (11 nodes)
[1340] processed 035008 (12 nodes)
[1341] processed 035182 (11 nodes)
[1342] processed 035184 (11 nodes)
[1343] processed 035198 (12 nodes)
[1344] processed 035199 (12 nodes)
[1345] processed 035204 (11 nodes)
[1346] processed 035296 (11 nodes)
[1347] processed 035299 (12 nodes)
[1348] processed 035443 (11 nodes)
[1349] processed 035444 (12 nodes)
[1350] processed 035462 (11 nodes)
[1351] processed 035527 (11 nodes)
[1352] processed 035534 (11 nodes)
[1353] processed 035535 (11 nodes)
[1354] processed 035537 (12 nodes)
[1355] processed 035539 (12 nodes)
[1356] processed 035541 (11 nodes)
[1357] processed 035543 (11 nodes)
[1358] processed 035544 (11 nodes)
[1359] processed 035545 (12 nodes)
[1360] processed 035549 (12 nodes)
[1361] processed 035550 (11 nodes)
[1362] processed 035569 (12 nodes)
[1363] processed 035571 (11 nodes)
[1364] processed 035608 (12 nodes)
[1365] processed 035734 (12 nodes)
[1366] processed 036096 (12 nodes)
[1367] processed 036097 (11 nodes)
[1368] processed 036099 (11 nodes)
[1369] processed 036143 (12 nodes)
[1370] processed 036144 (12 nodes)
[1371] processed 036145 (11 nodes)
[1372] processed 036146 (11 nodes)
[1373] processed 036147 (11 nodes)
[1374] processed 036245 (11 nodes)
[1375] processed 036257 (11 nodes)
[1376] processed 036258 (11 nodes)
[1377] processed 036261 (12 nodes)
[1378] processed 036272 (11 nodes)
[1379] processed 036273 (11 nodes)
[1380] processed 036275 (11 nodes)
[1381] processed 036277 (11 nodes)
[1382] processed 036302 (11 nodes)
[1383] processed 036304 (11 nodes)
[1384] processed 036322 (12 nodes)
[1385] processed 036333 (11 nodes)
[1386] processed 036371 (11 nodes)
[1387] processed 036380 (12 nodes)
[1388] processed 036388 (12 nodes)
[1389] processed 036428 (11 nodes)
[1390] processed 036435 (12 nodes)
[1391] processed 036481 (12 nodes)
[1392] processed 036526 (11 nodes)
[1393] processed 036560 (12 nodes)
[1394] processed 036567 (11 nodes)
[1395] processed 036614 (11 nodes)
[1396] processed 036615 (12 nodes)
[1397] processed 036616 (12 nodes)
[1398] processed 036618 (12 nodes)
[1399] processed 036643 (11 nodes)
[1400] processed 036659 (11 nodes)
[1401] processed 036799 (12 nodes)
[1402] processed 036959 (11 nodes)
[1403] processed 036961 (11 nodes)
[1404] processed 036965 (12 nodes)
[1405] processed 036966 (11 nodes)
[1406] processed 036983 (11 nodes)
[1407] processed 036984 (11 nodes)
[1408] processed 036985 (11 nodes)
[1409] processed 036986 (11 nodes)
[1410] processed 036987 (11 nodes)
[1411] processed 036988 (12 nodes)
[1412] processed 036990 (12 nodes)
[1413] processed 036992 (11 nodes)
[1414] processed 036994 (11 nodes)
[1415] processed 036997 (12 nodes)
[1416] processed 036998 (12 nodes)
[1417] processed 036999 (11 nodes)
[1418] processed 037041 (11 nodes)
[1419] processed 037111 (12 nodes)
[1420] processed 037113 (11 nodes)
[1421] processed 037119 (11 nodes)
[1422] processed 037121 (12 nodes)
[1423] processed 037131 (11 nodes)
[1424] processed 037136 (11 nodes)
[1425] processed 037141 (12 nodes)
[1426] processed 037147 (11 nodes)
[1427] processed 037324 (11 nodes)
[1428] processed 037325 (11 nodes)
[1429] processed 037368 (11 nodes)
[1430] processed 037369 (11 nodes)
[1431] processed 037416 (11 nodes)
[1432] processed 037417 (12 nodes)
[1433] processed 037423 (12 nodes)
[1434] processed 037538 (11 nodes)
[1435] processed 037592 (11 nodes)
[1436] processed 037725 (12 nodes)
[1437] processed 037727 (11 nodes)
[1438] processed 037730 (11 nodes)
[1439] processed 037731 (12 nodes)
[1440] processed 037779 (11 nodes)
[1441] processed 037781 (11 nodes)
[1442] processed 037784 (12 nodes)
[1443] processed 037859 (12 nodes)
[1444] processed 037911 (11 nodes)
[1445] processed 037920 (12 nodes)
[1446] processed 038312 (11 nodes)
[1447] processed 038321 (12 nodes)
[1448] processed 038323 (11 nodes)
[1449] processed 038326 (12 nodes)
[1450] processed 038351 (12 nodes)
[1451] processed 038352 (12 nodes)
[1452] processed 038353 (11 nodes)
[1453] processed 038354 (11 nodes)
[1454] processed 038361 (11 nodes)
[1455] processed 038362 (12 nodes)
[1456] processed 038363 (12 nodes)
[1457] processed 038365 (11 nodes)
[1458] processed 038399 (12 nodes)
[1459] processed 038435 (11 nodes)
[1460] processed 038450 (11 nodes)
[1461] processed 038522 (11 nodes)
[1462] processed 038557 (12 nodes)
[1463] processed 038560 (12 nodes)
[1464] processed 038775 (11 nodes)
[1465] processed 038776 (12 nodes)
[1466] processed 038777 (12 nodes)
[1467] processed 038778 (12 nodes)
[1468] processed 038779 (11 nodes)
[1469] processed 038780 (12 nodes)
[1470] processed 038781 (12 nodes)
[1471] processed 038782 (11 nodes)
[1472] processed 038783 (12 nodes)
[1473] processed 038784 (11 nodes)
[1474] processed 038785 (12 nodes)
[1475] processed 038817 (12 nodes)
[1476] processed 038818 (12 nodes)
[1477] processed 038819 (12 nodes)
[1478] processed 038820 (12 nodes)
[1479] processed 038821 (11 nodes)
[1480] processed 038822 (12 nodes)
[1481] processed 038823 (11 nodes)
[1482] processed 038824 (12 nodes)
[1483] processed 038825 (11 nodes)
[1484] processed 038826 (11 nodes)
[1485] processed 038827 (12 nodes)
[1486] processed 038828 (11 nodes)
[1487] processed 038829 (11 nodes)
[1488] processed 038830 (12 nodes)
[1489] processed 038833 (12 nodes)
[1490] processed 038834 (12 nodes)
[1491] processed 038847 (12 nodes)
[1492] processed 038859 (11 nodes)
[1493] processed 038878 (12 nodes)
[1494] processed 038879 (12 nodes)
[1495] processed 038880 (11 nodes)
[1496] processed 038881 (11 nodes)
[1497] processed 038882 (11 nodes)
[1498] processed 038884 (11 nodes)
[1499] processed 038886 (11 nodes)
[1500] processed 038887 (11 nodes)
[1501] processed 038888 (11 nodes)
[1502] processed 038890 (11 nodes)
[1503] processed 038891 (12 nodes)
[1504] processed 038892 (12 nodes)
[1505] processed 038893 (11 nodes)
[1506] processed 038894 (11 nodes)
[1507] processed 038895 (11 nodes)
[1508] processed 038896 (12 nodes)
[1509] processed 038898 (11 nodes)
[1510] processed 038899 (11 nodes)
[1511] processed 038900 (12 nodes)
[1512] processed 038901 (11 nodes)
[1513] processed 038902 (11 nodes)
[1514] processed 038904 (11 nodes)
[1515] processed 038905 (12 nodes)
[1516] processed 038906 (11 nodes)
[1517] processed 038907 (12 nodes)
[1518] processed 038908 (12 nodes)
[1519] processed 038910 (12 nodes)
[1520] processed 038911 (12 nodes)
[1521] processed 038912 (11 nodes)
[1522] processed 038914 (11 nodes)
[1523] processed 038955 (11 nodes)
[1524] processed 038961 (11 nodes)
[1525] processed 038964 (12 nodes)
[1526] processed 038965 (11 nodes)
[1527] processed 038966 (11 nodes)
[1528] processed 038967 (12 nodes)
[1529] processed 039188 (12 nodes)
[1530] processed 039259 (11 nodes)
[1531] processed 039278 (12 nodes)
[1532] processed 039291 (12 nodes)
[1533] processed 039298 (12 nodes)
[1534] processed 039316 (12 nodes)
[1535] processed 039317 (11 nodes)
[1536] processed 039318 (12 nodes)
[1537] processed 039357 (11 nodes)
[1538] processed 039359 (11 nodes)
[1539] processed 039378 (12 nodes)
[1540] processed 039484 (11 nodes)
[1541] processed 039488 (12 nodes)
[1542] processed 039530 (11 nodes)
[1543] processed 039605 (11 nodes)
[1544] processed 039607 (11 nodes)
[1545] processed 039658 (12 nodes)
[1546] processed 039659 (11 nodes)
[1547] processed 039660 (11 nodes)
[1548] processed 039661 (11 nodes)
[1549] processed 039662 (12 nodes)
[1550] processed 039663 (12 nodes)
[1551] processed 039664 (11 nodes)
[1552] processed 039665 (12 nodes)
[1553] processed 039666 (12 nodes)
[1554] processed 039667 (11 nodes)
[1555] processed 039875 (12 nodes)
[1556] processed 039900 (12 nodes)
[1557] processed 039904 (11 nodes)
[1558] processed 040121 (12 nodes)
[1559] processed 040122 (11 nodes)
[1560] processed 040123 (12 nodes)
[1561] processed 040133 (12 nodes)
[1562] processed 040134 (11 nodes)
[1563] processed 040139 (11 nodes)
[1564] processed 040141 (11 nodes)
[1565] processed 040147 (12 nodes)
[1566] processed 040161 (11 nodes)
[1567] processed 040180 (11 nodes)
[1568] processed 040182 (11 nodes)
[1569] processed 040229 (12 nodes)
[1570] processed 040230 (11 nodes)
[1571] processed 040231 (11 nodes)
[1572] processed 040232 (11 nodes)
[1573] processed 040233 (12 nodes)
[1574] processed 040234 (12 nodes)
[1575] processed 040235 (12 nodes)
[1576] processed 040236 (12 nodes)
[1577] processed 040237 (12 nodes)
[1578] processed 040238 (12 nodes)
[1579] processed 040239 (11 nodes)
[1580] processed 040240 (11 nodes)
[1581] processed 040241 (12 nodes)
[1582] processed 040242 (11 nodes)
[1583] processed 040243 (11 nodes)
[1584] processed 040244 (12 nodes)
[1585] processed 040245 (11 nodes)
[1586] processed 040250 (11 nodes)
[1587] processed 040509 (11 nodes)
[1588] processed 040525 (11 nodes)
[1589] processed 040541 (11 nodes)
[1590] processed 040542 (11 nodes)
[1591] processed 040598 (12 nodes)
[1592] processed 040654 (12 nodes)
[1593] processed 040655 (12 nodes)
[1594] processed 040656 (11 nodes)
[1595] processed 040657 (11 nodes)
[1596] processed 040658 (11 nodes)
[1597] processed 040659 (12 nodes)
[1598] processed 040660 (12 nodes)
[1599] processed 040683 (11 nodes)
[1600] processed 040725 (11 nodes)
[1601] processed 040842 (11 nodes)
[1602] processed 040843 (11 nodes)
[1603] processed 040844 (12 nodes)
[1604] processed 040845 (11 nodes)
[1605] processed 040851 (11 nodes)
[1606] processed 040903 (12 nodes)
[1607] processed 040908 (11 nodes)
[1608] processed 040909 (11 nodes)
[1609] processed 040938 (11 nodes)
[1610] processed 040940 (11 nodes)
[1611] processed 040984 (11 nodes)
[1612] processed 040985 (12 nodes)
[1613] processed 040986 (11 nodes)
[1614] processed 041018 (12 nodes)
[1615] processed 041019 (11 nodes)
[1616] processed 041020 (11 nodes)
[1617] processed 041054 (12 nodes)
[1618] processed 041095 (12 nodes)
[1619] processed 041147 (11 nodes)
[1620] processed 041191 (11 nodes)
[1621] processed 041192 (11 nodes)
[1622] processed 041310 (12 nodes)
[1623] processed 041381 (11 nodes)
[1624] processed 041568 (12 nodes)
[1625] processed 041570 (11 nodes)
[1626] processed 041573 (12 nodes)
[1627] processed 041605 (11 nodes)
[1628] processed 041709 (11 nodes)
[1629] processed 041714 (11 nodes)
[1630] processed 041812 (11 nodes)
[1631] processed 041819 (12 nodes)
[1632] processed 041820 (11 nodes)
[1633] processed 041825 (12 nodes)
[1634] processed 041961 (12 nodes)
[1635] processed 041962 (12 nodes)
[1636] processed 041965 (12 nodes)
[1637] processed 041971 (11 nodes)
[1638] processed 041983 (11 nodes)
[1639] processed 042014 (11 nodes)
[1640] processed 042016 (11 nodes)
[1641] processed 042017 (11 nodes)
[1642] processed 042018 (11 nodes)
[1643] processed 042019 (11 nodes)
[1644] processed 042020 (11 nodes)
[1645] processed 042023 (12 nodes)
[1646] processed 042025 (12 nodes)
[1647] processed 042029 (11 nodes)
[1648] processed 042030 (12 nodes)
[1649] processed 042031 (12 nodes)
[1650] processed 042040 (11 nodes)
[1651] processed 042044 (11 nodes)
[1652] processed 042045 (11 nodes)
[1653] processed 042046 (12 nodes)
[1654] processed 042048 (11 nodes)
[1655] processed 042119 (11 nodes)
[1656] processed 042126 (12 nodes)
[1657] processed 042129 (11 nodes)
[1658] processed 042135 (11 nodes)
[1659] processed 042138 (11 nodes)
[1660] processed 042139 (11 nodes)
[1661] processed 042141 (11 nodes)
[1662] processed 042146 (12 nodes)
[1663] processed 042234 (11 nodes)
[1664] processed 042235 (11 nodes)
[1665] processed 042236 (12 nodes)
[1666] processed 042238 (11 nodes)
[1667] processed 042240 (11 nodes)
[1668] processed 042241 (12 nodes)
[1669] processed 042243 (12 nodes)
[1670] processed 042245 (11 nodes)
[1671] processed 042247 (11 nodes)
[1672] processed 042310 (12 nodes)
[1673] processed 042372 (12 nodes)
[1674] processed 042373 (12 nodes)
[1675] processed 042374 (11 nodes)
[1676] processed 042375 (12 nodes)
[1677] processed 042376 (11 nodes)
[1678] processed 042377 (11 nodes)
[1679] processed 042442 (12 nodes)
[1680] processed 042463 (11 nodes)
[1681] processed 042475 (11 nodes)
[1682] processed 042648 (11 nodes)
[1683] processed 042659 (11 nodes)
[1684] processed 042751 (11 nodes)
[1685] processed 042761 (12 nodes)
[1686] processed 042789 (12 nodes)
[1687] processed 042844 (11 nodes)
[1688] processed 042851 (11 nodes)
[1689] processed 042911 (12 nodes)
[1690] processed 042914 (12 nodes)
[1691] processed 042915 (11 nodes)
[1692] processed 042966 (11 nodes)
[1693] processed 042984 (11 nodes)
[1694] processed 043016 (11 nodes)
[1695] processed 043018 (12 nodes)
[1696] processed 043019 (12 nodes)
[1697] processed 043020 (12 nodes)
[1698] processed 043021 (11 nodes)
[1699] processed 043022 (11 nodes)
[1700] processed 043023 (11 nodes)
[1701] processed 043024 (11 nodes)
[1702] processed 043025 (11 nodes)
[1703] processed 043026 (12 nodes)
[1704] processed 043027 (11 nodes)
[1705] processed 043028 (12 nodes)
[1706] processed 043029 (12 nodes)
[1707] processed 043030 (11 nodes)
[1708] processed 043063 (12 nodes)
[1709] processed 043172 (11 nodes)
[1710] processed 043173 (11 nodes)
[1711] processed 043516 (11 nodes)
[1712] processed 043517 (11 nodes)
[1713] processed 043518 (11 nodes)
[1714] processed 043519 (11 nodes)
[1715] processed 043520 (12 nodes)
[1716] processed 043521 (11 nodes)
[1717] processed 043533 (11 nodes)
[1718] processed 043534 (12 nodes)
[1719] processed 043535 (12 nodes)
[1720] processed 043536 (12 nodes)
[1721] processed 043585 (12 nodes)
[1722] processed 043586 (12 nodes)
[1723] processed 043587 (12 nodes)
[1724] processed 043588 (12 nodes)
[1725] processed 043589 (11 nodes)
[1726] processed 043590 (12 nodes)
[1727] processed 043592 (12 nodes)
[1728] processed 043593 (12 nodes)
[1729] processed 043594 (11 nodes)
[1730] processed 043595 (12 nodes)
[1731] processed 043596 (11 nodes)
[1732] processed 043598 (11 nodes)
[1733] processed 043599 (12 nodes)
[1734] processed 043600 (12 nodes)
[1735] processed 043608 (11 nodes)
[1736] processed 043621 (12 nodes)
[1737] processed 043623 (11 nodes)
[1738] processed 043691 (11 nodes)
[1739] processed 043695 (11 nodes)
[1740] processed 043696 (11 nodes)
[1741] processed 043697 (12 nodes)
[1742] processed 043698 (11 nodes)
[1743] processed 043699 (12 nodes)
[1744] processed 043761 (11 nodes)
[1745] processed 043765 (11 nodes)
[1746] processed 043766 (12 nodes)
[1747] processed 043767 (12 nodes)
[1748] processed 043768 (11 nodes)
[1749] processed 043773 (11 nodes)
[1750] processed 043796 (11 nodes)
[1751] processed 043842 (12 nodes)
[1752] processed 043843 (11 nodes)
[1753] processed 043844 (12 nodes)
[1754] processed 043856 (12 nodes)
[1755] processed 043857 (12 nodes)
[1756] processed 043858 (11 nodes)
[1757] processed 043859 (11 nodes)
[1758] processed 043860 (12 nodes)
[1759] processed 043861 (12 nodes)
[1760] processed 043863 (12 nodes)
[1761] processed 043865 (11 nodes)
[1762] processed 043866 (11 nodes)
[1763] processed 043867 (12 nodes)
[1764] processed 043868 (11 nodes)
[1765] processed 043869 (11 nodes)
[1766] processed 043883 (11 nodes)
[1767] processed 043886 (11 nodes)
[1768] processed 043899 (11 nodes)
[1769] processed 043911 (12 nodes)
[1770] processed 043962 (12 nodes)
[1771] processed 043965 (11 nodes)
[1772] processed 044092 (11 nodes)
[1773] processed 044110 (12 nodes)
[1774] processed 044169 (12 nodes)
[1775] processed 044236 (11 nodes)
[1776] processed 044342 (11 nodes)
[1777] processed 044347 (11 nodes)
[1778] processed 044354 (12 nodes)
[1779] processed 044355 (12 nodes)
[1780] processed 044777 (11 nodes)
[1781] processed 044778 (12 nodes)
[1782] processed 044779 (11 nodes)
[1783] processed 044780 (11 nodes)
[1784] processed 044781 (11 nodes)
[1785] processed 044782 (12 nodes)
[1786] processed 044791 (12 nodes)
[1787] processed 044792 (12 nodes)
[1788] processed 044793 (11 nodes)
[1789] processed 044794 (11 nodes)
[1790] processed 044795 (11 nodes)
[1791] processed 044796 (12 nodes)
[1792] processed 044797 (11 nodes)
[1793] processed 044798 (11 nodes)
[1794] processed 044799 (12 nodes)
[1795] processed 044800 (11 nodes)
[1796] processed 044801 (12 nodes)
[1797] processed 044802 (12 nodes)
[1798] processed 044803 (11 nodes)
[1799] processed 044804 (11 nodes)
[1800] processed 044805 (12 nodes)
[1801] processed 044806 (11 nodes)
[1802] processed 044809 (12 nodes)
[1803] processed 044820 (11 nodes)
[1804] processed 044821 (11 nodes)
[1805] processed 044822 (11 nodes)
[1806] processed 044823 (12 nodes)
[1807] processed 044848 (11 nodes)
[1808] processed 044849 (12 nodes)
[1809] processed 044850 (12 nodes)
[1810] processed 044851 (11 nodes)
[1811] processed 044853 (11 nodes)
[1812] processed 044854 (11 nodes)
[1813] processed 044917 (11 nodes)
[1814] processed 044918 (11 nodes)
[1815] processed 044946 (12 nodes)
[1816] processed 044947 (11 nodes)
[1817] processed 044948 (11 nodes)
[1818] processed 044949 (11 nodes)
[1819] processed 044950 (11 nodes)
[1820] processed 044951 (11 nodes)
[1821] processed 044952 (11 nodes)
[1822] processed 045055 (11 nodes)
[1823] processed 045099 (12 nodes)
[1824] processed 045100 (11 nodes)
[1825] processed 045101 (11 nodes)
[1826] processed 045102 (11 nodes)
[1827] processed 045103 (12 nodes)
[1828] processed 045119 (11 nodes)
[1829] processed 045122 (12 nodes)
[1830] processed 045125 (12 nodes)
[1831] processed 045126 (12 nodes)
[1832] processed 045127 (12 nodes)
[1833] processed 045128 (11 nodes)
[1834] processed 045149 (12 nodes)
[1835] processed 045150 (11 nodes)
[1836] processed 045151 (12 nodes)
[1837] processed 045152 (12 nodes)
[1838] processed 045153 (12 nodes)
[1839] processed 045154 (11 nodes)
[1840] processed 045335 (12 nodes)
[1841] processed 045387 (12 nodes)
[1842] processed 045388 (12 nodes)
[1843] processed 045389 (12 nodes)
[1844] processed 045390 (11 nodes)
[1845] processed 045391 (11 nodes)
[1846] processed 045392 (12 nodes)
[1847] processed 045393 (11 nodes)
[1848] processed 045474 (11 nodes)
[1849] processed 045475 (11 nodes)
[1850] processed 045508 (12 nodes)
[1851] processed 045513 (12 nodes)
[1852] processed 045514 (11 nodes)
[1853] processed 045515 (12 nodes)
[1854] processed 045516 (11 nodes)
[1855] processed 045517 (11 nodes)
[1856] processed 045518 (11 nodes)
[1857] processed 045519 (12 nodes)
[1858] processed 045520 (11 nodes)
[1859] processed 045521 (12 nodes)
[1860] processed 045522 (12 nodes)
[1861] processed 045523 (12 nodes)
[1862] processed 045934 (12 nodes)
[1863] processed 045941 (11 nodes)
[1864] processed 046024 (11 nodes)
[1865] processed 046043 (11 nodes)
[1866] processed 046058 (11 nodes)
[1867] processed 046068 (11 nodes)
[1868] processed 046078 (12 nodes)
[1869] processed 046079 (11 nodes)
[1870] processed 046157 (11 nodes)
[1871] processed 046158 (12 nodes)
[1872] processed 046159 (12 nodes)
[1873] processed 046160 (11 nodes)
[1874] processed 046161 (11 nodes)
[1875] processed 046162 (12 nodes)
[1876] processed 046238 (12 nodes)
[1877] processed 046241 (11 nodes)
[1878] processed 046525 (12 nodes)
[1879] processed 046611 (11 nodes)
[1880] processed 046711 (11 nodes)
[1881] processed 046717 (11 nodes)
[1882] processed 046718 (11 nodes)
[1883] processed 046720 (12 nodes)
[1884] processed 046726 (12 nodes)
[1885] processed 046732 (11 nodes)
[1886] processed 046733 (11 nodes)
[1887] processed 046736 (12 nodes)
[1888] processed 046839 (11 nodes)
[1889] processed 046840 (12 nodes)
[1890] processed 046841 (12 nodes)
[1891] processed 046842 (11 nodes)
[1892] processed 046844 (11 nodes)
[1893] processed 046846 (11 nodes)
[1894] processed 046854 (12 nodes)
[1895] processed 046855 (11 nodes)
[1896] processed 046928 (11 nodes)
[1897] processed 046930 (12 nodes)
[1898] processed 047032 (11 nodes)
[1899] processed 047068 (12 nodes)
[1900] processed 047069 (11 nodes)
[1901] processed 047070 (12 nodes)
[1902] processed 047071 (11 nodes)
[1903] processed 047072 (12 nodes)
[1904] processed 047073 (11 nodes)
[1905] processed 047074 (11 nodes)
[1906] processed 047075 (12 nodes)
[1907] processed 047076 (12 nodes)
[1908] processed 047077 (11 nodes)
[1909] processed 047100 (12 nodes)
[1910] processed 047192 (11 nodes)
[1911] processed 047193 (12 nodes)
[1912] processed 047194 (12 nodes)
[1913] processed 047195 (11 nodes)
[1914] processed 047196 (12 nodes)
[1915] processed 047197 (12 nodes)
[1916] processed 047198 (12 nodes)
[1917] processed 047199 (12 nodes)
[1918] processed 047200 (12 nodes)
[1919] processed 047201 (11 nodes)
[1920] processed 047202 (11 nodes)
[1921] processed 047260 (11 nodes)
[1922] processed 047471 (12 nodes)
[1923] processed 047506 (11 nodes)
[1924] processed 047510 (12 nodes)
[1925] processed 047526 (12 nodes)
[1926] processed 047628 (12 nodes)
[1927] processed 047657 (11 nodes)
[1928] processed 047658 (11 nodes)
[1929] processed 047659 (11 nodes)
[1930] processed 047660 (11 nodes)
[1931] processed 047661 (12 nodes)
[1932] processed 047662 (12 nodes)
[1933] processed 047663 (12 nodes)
[1934] processed 047665 (11 nodes)
[1935] processed 047666 (11 nodes)
[1936] processed 047670 (11 nodes)
[1937] processed 047671 (11 nodes)
[1938] processed 047707 (11 nodes)
[1939] processed 047826 (11 nodes)
[1940] processed 047835 (11 nodes)
[1941] processed 047865 (12 nodes)
[1942] processed 047868 (11 nodes)
[1943] processed 047894 (12 nodes)
[1944] processed 047895 (12 nodes)
[1945] processed 047896 (11 nodes)
[1946] processed 047897 (12 nodes)
[1947] processed 047916 (11 nodes)
[1948] processed 047921 (12 nodes)
[1949] processed 048015 (12 nodes)
[1950] processed 048042 (11 nodes)
[1951] processed 048043 (11 nodes)
[1952] processed 048044 (12 nodes)
[1953] processed 048046 (12 nodes)
[1954] processed 048269 (12 nodes)
[1955] processed 048293 (11 nodes)
[1956] processed 048307 (12 nodes)
[1957] processed 048317 (11 nodes)
[1958] processed 048367 (11 nodes)
[1959] processed 048368 (11 nodes)
[1960] processed 048369 (11 nodes)
[1961] processed 048437 (11 nodes)
[1962] processed 048439 (11 nodes)
[1963] processed 048440 (11 nodes)
[1964] processed 048442 (12 nodes)
[1965] processed 048443 (12 nodes)
[1966] processed 048444 (11 nodes)
[1967] processed 048446 (11 nodes)
[1968] processed 048450 (11 nodes)
[1969] processed 048452 (11 nodes)
[1970] processed 048453 (12 nodes)
[1971] processed 048454 (11 nodes)
[1972] processed 048456 (11 nodes)
[1973] processed 048457 (12 nodes)
[1974] processed 048462 (11 nodes)
[1975] processed 048463 (11 nodes)
[1976] processed 048464 (11 nodes)
[1977] processed 048465 (11 nodes)
[1978] processed 048466 (12 nodes)
[1979] processed 048488 (11 nodes)
[1980] processed 048489 (11 nodes)
[1981] processed 048491 (12 nodes)
[1982] processed 048492 (11 nodes)
[1983] processed 048493 (11 nodes)
[1984] processed 048494 (11 nodes)
[1985] processed 048763 (11 nodes)
[1986] processed 048808 (12 nodes)
[1987] processed 048815 (12 nodes)
[1988] processed 048861 (11 nodes)
[1989] processed 048862 (11 nodes)
[1990] processed 048863 (12 nodes)
[1991] processed 048864 (12 nodes)
[1992] processed 048865 (12 nodes)
[1993] processed 048931 (12 nodes)
[1994] processed 048990 (12 nodes)
[1995] processed 048999 (11 nodes)
[1996] processed 049029 (11 nodes)
[1997] processed 049030 (12 nodes)
[1998] processed 049039 (12 nodes)
[1999] processed 049061 (12 nodes)
[2000] processed 049062 (11 nodes)
[2001] processed 049064 (11 nodes)
[2002] processed 049066 (11 nodes)
[2003] processed 049067 (11 nodes)
[2004] processed 049068 (12 nodes)
[2005] processed 049070 (11 nodes)
[2006] processed 049071 (11 nodes)
[2007] processed 049072 (12 nodes)
[2008] processed 049073 (11 nodes)
[2009] processed 049394 (12 nodes)
[2010] processed 049401 (11 nodes)
[2011] processed 049407 (11 nodes)
[2012] processed 049408 (11 nodes)
[2013] processed 049441 (11 nodes)
[2014] processed 049473 (11 nodes)
[2015] processed 049476 (12 nodes)
[2016] processed 049477 (12 nodes)
[2017] processed 049478 (11 nodes)
[2018] processed 049479 (12 nodes)
[2019] processed 049812 (12 nodes)
[2020] processed 049817 (11 nodes)
[2021] processed 049842 (12 nodes)
[2022] processed 049843 (12 nodes)
[2023] processed 049844 (11 nodes)
[2024] processed 049845 (12 nodes)
[2025] processed 049846 (12 nodes)
[2026] processed 049847 (12 nodes)
[2027] processed 049848 (12 nodes)
[2028] processed 049849 (11 nodes)
[2029] processed 049856 (11 nodes)
[2030] processed 049857 (11 nodes)
[2031] processed 050264 (12 nodes)
[2032] processed 050272 (11 nodes)
[2033] processed 050276 (12 nodes)
[2034] processed 050283 (11 nodes)
[2035] processed 050323 (12 nodes)
[2036] processed 050444 (12 nodes)
[2037] processed 050445 (12 nodes)
[2038] processed 050446 (11 nodes)
[2039] processed 050447 (12 nodes)
[2040] processed 050448 (12 nodes)
[2041] processed 050449 (11 nodes)
[2042] processed 050539 (11 nodes)
[2043] processed 050543 (11 nodes)
[2044] processed 050752 (11 nodes)
[2045] processed 050753 (12 nodes)
[2046] processed 050754 (12 nodes)
[2047] processed 050836 (12 nodes)
[2048] processed 050952 (12 nodes)
[2049] processed 050955 (11 nodes)
[2050] processed 050956 (12 nodes)
[2051] processed 051004 (12 nodes)
[2052] processed 051005 (11 nodes)
[2053] processed 051006 (11 nodes)
[2054] processed 051111 (11 nodes)
[2055] processed 051112 (12 nodes)
[2056] processed 051113 (12 nodes)
[2057] processed 051114 (11 nodes)
[2058] processed 051115 (12 nodes)
[2059] processed 051117 (11 nodes)
[2060] processed 051118 (12 nodes)
[2061] processed 051120 (11 nodes)
[2062] processed 051157 (12 nodes)
[2063] processed 051158 (11 nodes)
[2064] processed 051203 (12 nodes)
[2065] processed 051260 (12 nodes)
[2066] processed 051261 (11 nodes)
[2067] processed 051262 (12 nodes)
[2068] processed 051263 (11 nodes)
[2069] processed 051265 (12 nodes)
[2070] processed 051267 (11 nodes)
[2071] processed 051268 (12 nodes)
[2072] processed 051269 (11 nodes)
[2073] processed 051271 (12 nodes)
[2074] processed 051272 (11 nodes)
[2075] processed 051273 (12 nodes)
[2076] processed 051274 (11 nodes)
[2077] processed 051275 (12 nodes)
[2078] processed 051276 (12 nodes)
[2079] processed 051278 (12 nodes)
[2080] processed 051291 (12 nodes)
[2081] processed 051292 (12 nodes)
[2082] processed 051301 (12 nodes)
[2083] processed 051305 (12 nodes)
[2084] processed 051333 (12 nodes)
[2085] processed 051479 (12 nodes)
[2086] processed 051655 (11 nodes)
[2087] processed 051659 (11 nodes)
[2088] processed 051661 (11 nodes)
[2089] processed 051776 (11 nodes)
[2090] processed 051784 (12 nodes)
[2091] processed 051785 (11 nodes)
[2092] processed 051918 (11 nodes)
[2093] processed 051919 (11 nodes)
[2094] processed 051923 (12 nodes)
[2095] processed 051954 (12 nodes)
[2096] processed 051991 (12 nodes)
[2097] processed 051992 (12 nodes)
[2098] processed 051998 (11 nodes)
[2099] processed 051999 (11 nodes)
[2100] processed 052000 (11 nodes)
[2101] processed 052001 (12 nodes)
[2102] processed 052034 (12 nodes)
[2103] processed 052035 (11 nodes)
[2104] processed 052036 (12 nodes)
[2105] processed 052037 (11 nodes)
[2106] processed 052039 (12 nodes)
[2107] processed 052040 (11 nodes)
[2108] processed 052041 (12 nodes)
[2109] processed 052042 (11 nodes)
[2110] processed 052044 (11 nodes)
[2111] processed 052045 (11 nodes)
[2112] processed 052118 (11 nodes)
[2113] processed 052119 (11 nodes)
[2114] processed 052120 (11 nodes)
[2115] processed 052121 (11 nodes)
[2116] processed 052122 (12 nodes)
[2117] processed 052123 (12 nodes)
[2118] processed 052124 (11 nodes)
[2119] processed 052125 (12 nodes)
[2120] processed 052126 (12 nodes)
[2121] processed 052127 (12 nodes)
[2122] processed 052128 (11 nodes)
[2123] processed 052129 (11 nodes)
[2124] processed 052141 (11 nodes)
[2125] processed 052375 (11 nodes)
[2126] processed 052380 (12 nodes)
[2127] processed 052389 (11 nodes)
[2128] processed 052393 (11 nodes)
[2129] processed 052409 (11 nodes)
[2130] processed 052446 (12 nodes)
[2131] processed 052447 (12 nodes)
[2132] processed 052448 (12 nodes)
[2133] processed 052449 (12 nodes)
[2134] processed 052451 (12 nodes)
[2135] processed 052452 (11 nodes)
[2136] processed 052500 (12 nodes)
[2137] processed 052501 (11 nodes)
[2138] processed 052502 (11 nodes)
[2139] processed 052508 (12 nodes)
[2140] processed 052522 (12 nodes)
[2141] processed 052579 (11 nodes)
[2142] processed 052628 (11 nodes)
[2143] processed 052629 (12 nodes)
[2144] processed 052630 (12 nodes)
[2145] processed 052631 (11 nodes)
[2146] processed 052632 (12 nodes)
[2147] processed 052633 (11 nodes)
[2148] processed 052634 (11 nodes)
[2149] processed 052635 (11 nodes)
[2150] processed 052636 (12 nodes)
[2151] processed 052637 (12 nodes)
[2152] processed 052638 (11 nodes)
[2153] processed 052639 (11 nodes)
[2154] processed 052641 (11 nodes)
[2155] processed 052642 (12 nodes)
[2156] processed 052644 (11 nodes)
[2157] processed 052645 (12 nodes)
[2158] processed 052646 (12 nodes)
[2159] processed 052647 (11 nodes)
[2160] processed 052648 (11 nodes)
[2161] processed 052649 (11 nodes)
[2162] processed 052650 (12 nodes)
[2163] processed 052859 (11 nodes)
[2164] processed 052860 (11 nodes)
[2165] processed 052861 (11 nodes)
[2166] processed 052862 (12 nodes)
[2167] processed 052945 (11 nodes)
[2168] processed 052946 (11 nodes)
[2169] processed 052947 (12 nodes)
[2170] processed 052948 (11 nodes)
[2171] processed 052950 (11 nodes)
[2172] processed 052951 (11 nodes)
[2173] processed 052953 (11 nodes)
[2174] processed 052954 (11 nodes)
[2175] processed 052955 (11 nodes)
[2176] processed 053152 (12 nodes)
[2177] processed 053154 (12 nodes)
[2178] processed 053156 (12 nodes)
[2179] processed 053157 (11 nodes)
[2180] processed 053158 (11 nodes)
[2181] processed 053159 (11 nodes)
[2182] processed 053160 (12 nodes)
[2183] processed 053228 (12 nodes)
[2184] processed 053229 (11 nodes)
[2185] processed 053299 (11 nodes)
[2186] processed 053300 (12 nodes)
[2187] processed 053301 (11 nodes)
[2188] processed 053302 (12 nodes)
[2189] processed 053379 (12 nodes)
[2190] processed 053381 (12 nodes)
[2191] processed 053457 (12 nodes)
[2192] processed 053496 (12 nodes)
[2193] processed 053576 (11 nodes)
[2194] processed 053578 (11 nodes)
[2195] processed 053586 (11 nodes)
[2196] processed 053587 (11 nodes)
[2197] processed 053588 (11 nodes)
[2198] processed 053589 (11 nodes)
[2199] processed 053591 (12 nodes)
[2200] processed 053592 (11 nodes)
[2201] processed 053675 (11 nodes)
[2202] processed 053723 (12 nodes)
[2203] processed 053724 (11 nodes)
[2204] processed 053725 (11 nodes)
[2205] processed 053726 (11 nodes)
[2206] processed 053727 (12 nodes)
[2207] processed 053728 (11 nodes)
[2208] processed 053729 (12 nodes)
[2209] processed 053807 (12 nodes)
[2210] processed 053862 (11 nodes)
[2211] processed 053863 (11 nodes)
[2212] processed 053937 (11 nodes)
[2213] processed 054019 (12 nodes)
[2214] processed 054031 (11 nodes)
[2215] processed 054032 (11 nodes)
[2216] processed 054033 (11 nodes)
[2217] processed 054034 (12 nodes)
[2218] processed 054037 (11 nodes)
[2219] processed 054039 (11 nodes)
[2220] processed 054061 (11 nodes)
[2221] processed 054062 (12 nodes)
[2222] processed 054063 (12 nodes)
[2223] processed 054064 (12 nodes)
[2224] processed 054149 (12 nodes)
[2225] processed 054150 (11 nodes)
[2226] processed 054151 (12 nodes)
[2227] processed 054152 (11 nodes)
[2228] processed 054153 (11 nodes)
[2229] processed 054154 (11 nodes)
[2230] processed 054155 (12 nodes)
[2231] processed 054156 (12 nodes)
[2232] processed 054158 (11 nodes)
[2233] processed 054159 (12 nodes)
[2234] processed 054160 (12 nodes)
[2235] processed 054163 (12 nodes)
[2236] processed 054234 (11 nodes)
[2237] processed 054235 (11 nodes)
[2238] processed 054236 (11 nodes)
[2239] processed 054237 (12 nodes)
[2240] processed 054297 (12 nodes)
[2241] processed 054335 (12 nodes)
[2242] processed 054365 (11 nodes)
[2243] processed 054376 (11 nodes)
[2244] processed 054433 (11 nodes)
[2245] processed 054436 (11 nodes)
[2246] processed 054437 (12 nodes)
[2247] processed 054438 (12 nodes)
[2248] processed 054442 (12 nodes)
[2249] processed 054443 (11 nodes)
[2250] processed 054463 (11 nodes)
[2251] processed 054464 (11 nodes)
[2252] processed 054465 (12 nodes)
[2253] processed 054466 (12 nodes)
[2254] processed 054467 (11 nodes)
[2255] processed 054468 (11 nodes)
[2256] processed 054469 (11 nodes)
[2257] processed 054470 (12 nodes)
[2258] processed 054475 (11 nodes)
[2259] processed 054476 (11 nodes)
[2260] processed 054479 (11 nodes)
[2261] processed 054480 (11 nodes)
[2262] processed 054481 (11 nodes)
[2263] processed 054482 (12 nodes)
[2264] processed 054496 (12 nodes)
[2265] processed 054554 (11 nodes)
[2266] processed 054568 (11 nodes)
[2267] processed 054570 (11 nodes)
[2268] processed 054576 (11 nodes)
[2269] processed 054578 (11 nodes)
[2270] processed 054580 (12 nodes)
[2271] processed 054621 (12 nodes)
[2272] processed 054623 (11 nodes)
[2273] processed 054624 (11 nodes)
[2274] processed 054625 (12 nodes)
[2275] processed 054626 (11 nodes)
[2276] processed 054662 (12 nodes)
[2277] processed 054664 (12 nodes)
[2278] processed 054665 (12 nodes)
[2279] processed 054666 (11 nodes)
[2280] processed 054667 (11 nodes)
[2281] processed 054703 (11 nodes)
[2282] processed 054719 (11 nodes)
[2283] processed 054735 (12 nodes)
[2284] processed 054753 (12 nodes)
[2285] processed 054874 (11 nodes)
[2286] processed 054942 (11 nodes)
[2287] processed 055076 (11 nodes)
[2288] processed 055097 (11 nodes)
[2289] processed 055100 (12 nodes)
[2290] processed 055101 (11 nodes)
[2291] processed 055102 (11 nodes)
[2292] processed 055113 (11 nodes)
[2293] processed 055119 (11 nodes)
[2294] processed 055120 (11 nodes)
[2295] processed 055121 (11 nodes)
[2296] processed 055122 (11 nodes)
[2297] processed 055123 (11 nodes)
[2298] processed 055124 (12 nodes)
[2299] processed 055149 (11 nodes)
[2300] processed 055183 (11 nodes)
[2301] processed 055186 (11 nodes)
[2302] processed 055231 (12 nodes)
[2303] processed 055232 (12 nodes)
[2304] processed 055233 (11 nodes)
[2305] processed 055234 (11 nodes)
[2306] processed 055235 (12 nodes)
[2307] processed 055236 (11 nodes)
[2308] processed 055237 (11 nodes)
[2309] processed 055238 (11 nodes)
[2310] processed 055240 (12 nodes)
[2311] processed 055241 (12 nodes)
[2312] processed 055242 (11 nodes)
[2313] processed 055285 (11 nodes)
[2314] processed 055286 (11 nodes)
[2315] processed 055287 (11 nodes)
[2316] processed 055288 (12 nodes)
[2317] processed 055289 (11 nodes)
[2318] processed 055290 (11 nodes)
[2319] processed 055291 (12 nodes)
[2320] processed 055292 (11 nodes)
[2321] processed 055293 (12 nodes)
[2322] processed 055294 (12 nodes)
[2323] processed 055295 (12 nodes)
[2324] processed 055402 (12 nodes)
[2325] processed 055430 (11 nodes)
[2326] processed 055436 (12 nodes)
[2327] processed 055437 (11 nodes)
[2328] processed 055480 (11 nodes)
[2329] processed 055481 (12 nodes)
[2330] processed 055549 (11 nodes)
[2331] processed 055572 (11 nodes)
[2332] processed 055709 (11 nodes)
[2333] processed 055710 (12 nodes)
[2334] processed 055711 (12 nodes)
[2335] processed 055712 (11 nodes)
[2336] processed 055713 (11 nodes)
[2337] processed 055714 (12 nodes)
[2338] processed 055715 (11 nodes)
[2339] processed 055716 (12 nodes)
[2340] processed 055717 (11 nodes)
[2341] processed 055718 (12 nodes)
[2342] processed 055719 (12 nodes)
[2343] processed 055782 (12 nodes)
[2344] processed 055783 (11 nodes)
[2345] processed 055786 (12 nodes)
[2346] processed 055807 (12 nodes)
[2347] processed 055808 (11 nodes)
[2348] processed 055809 (11 nodes)
[2349] processed 055810 (12 nodes)
[2350] processed 055811 (11 nodes)
[2351] processed 055826 (12 nodes)
[2352] processed 055827 (12 nodes)
[2353] processed 055828 (11 nodes)
[2354] processed 055830 (12 nodes)
[2355] processed 055831 (12 nodes)
[2356] processed 055832 (11 nodes)
[2357] processed 055833 (12 nodes)
[2358] processed 055900 (11 nodes)
[2359] processed 056010 (11 nodes)
[2360] processed 056015 (12 nodes)
[2361] processed 056020 (11 nodes)
[2362] processed 056028 (12 nodes)
[2363] processed 056029 (11 nodes)
[2364] processed 056030 (11 nodes)
[2365] processed 056031 (12 nodes)
[2366] processed 056033 (12 nodes)
[2367] processed 056034 (11 nodes)
[2368] processed 056036 (11 nodes)
[2369] processed 056247 (11 nodes)
[2370] processed 056248 (11 nodes)
[2371] processed 056249 (11 nodes)
[2372] processed 056273 (11 nodes)
[2373] processed 056274 (12 nodes)
[2374] processed 056275 (12 nodes)
[2375] processed 056460 (12 nodes)
[2376] processed 056465 (11 nodes)
[2377] processed 056466 (11 nodes)
[2378] processed 056467 (11 nodes)
[2379] processed 056468 (11 nodes)
[2380] processed 056469 (12 nodes)
[2381] processed 056470 (12 nodes)
[2382] processed 056471 (11 nodes)
[2383] processed 056472 (11 nodes)
[2384] processed 056474 (11 nodes)
[2385] processed 056493 (12 nodes)
[2386] processed 056495 (11 nodes)
[2387] processed 056496 (12 nodes)
[2388] processed 056497 (11 nodes)
[2389] processed 056498 (12 nodes)
[2390] processed 056499 (11 nodes)
[2391] processed 056516 (12 nodes)
[2392] processed 056517 (12 nodes)
[2393] processed 056518 (12 nodes)
[2394] processed 056519 (11 nodes)
[2395] processed 056520 (11 nodes)
[2396] processed 056521 (11 nodes)
[2397] processed 056523 (11 nodes)
[2398] processed 056552 (11 nodes)
[2399] processed 056559 (11 nodes)
[2400] processed 056639 (11 nodes)
[2401] processed 056640 (12 nodes)
[2402] processed 056641 (12 nodes)
[2403] processed 056645 (12 nodes)
[2404] processed 056646 (12 nodes)
[2405] processed 056648 (12 nodes)
[2406] processed 056649 (11 nodes)
[2407] processed 056650 (11 nodes)
[2408] processed 056651 (12 nodes)
[2409] processed 056686 (11 nodes)
[2410] processed 056687 (12 nodes)
[2411] processed 056688 (11 nodes)
[2412] processed 056689 (12 nodes)
[2413] processed 056690 (12 nodes)
[2414] processed 056691 (11 nodes)
[2415] processed 056692 (12 nodes)
[2416] processed 056693 (11 nodes)
[2417] processed 056694 (11 nodes)
[2418] processed 056695 (11 nodes)
[2419] processed 056696 (11 nodes)
[2420] processed 056795 (12 nodes)
[2421] processed 056796 (11 nodes)
[2422] processed 056797 (12 nodes)
[2423] processed 056798 (11 nodes)
[2424] processed 056799 (12 nodes)
[2425] processed 056800 (12 nodes)
[2426] processed 056801 (11 nodes)
[2427] processed 056802 (11 nodes)
[2428] processed 056803 (12 nodes)
[2429] processed 056804 (11 nodes)
[2430] processed 056805 (12 nodes)
[2431] processed 056874 (12 nodes)
[2432] processed 056888 (11 nodes)
[2433] processed 056895 (12 nodes)
[2434] processed 056929 (11 nodes)
[2435] processed 057078 (12 nodes)
[2436] processed 057164 (11 nodes)
[2437] processed 057175 (11 nodes)
[2438] processed 057176 (11 nodes)
[2439] processed 057177 (11 nodes)
[2440] processed 057178 (12 nodes)
[2441] processed 057179 (12 nodes)
[2442] processed 057180 (12 nodes)
[2443] processed 057271 (12 nodes)
[2444] processed 057272 (11 nodes)
[2445] processed 057273 (11 nodes)
[2446] processed 057274 (12 nodes)
[2447] processed 057344 (11 nodes)
[2448] processed 057360 (11 nodes)
[2449] processed 057371 (11 nodes)
[2450] processed 057417 (11 nodes)
[2451] processed 057418 (12 nodes)
[2452] processed 057435 (11 nodes)
[2453] processed 057437 (11 nodes)
[2454] processed 057439 (11 nodes)
[2455] processed 057440 (11 nodes)
[2456] processed 057442 (11 nodes)
[2457] processed 057500 (11 nodes)
[2458] processed 057540 (12 nodes)
[2459] processed 057569 (11 nodes)
[2460] processed 057626 (12 nodes)
[2461] processed 057627 (11 nodes)
[2462] processed 057628 (11 nodes)
[2463] processed 057629 (11 nodes)
[2464] processed 057630 (12 nodes)
[2465] processed 057639 (11 nodes)
[2466] processed 057640 (12 nodes)
[2467] processed 057648 (11 nodes)
[2468] processed 057658 (11 nodes)
[2469] processed 057661 (12 nodes)
[2470] processed 057662 (11 nodes)
[2471] processed 057663 (12 nodes)
[2472] processed 057665 (11 nodes)
[2473] processed 057691 (11 nodes)
[2474] processed 057697 (11 nodes)
[2475] processed 057819 (12 nodes)
[2476] processed 057820 (11 nodes)
[2477] processed 057821 (12 nodes)
[2478] processed 057822 (11 nodes)
[2479] processed 057823 (12 nodes)
[2480] processed 057891 (11 nodes)
[2481] processed 057892 (11 nodes)
[2482] processed 057936 (11 nodes)
[2483] processed 057937 (12 nodes)
[2484] processed 057938 (12 nodes)
[2485] processed 057939 (12 nodes)
[2486] processed 057943 (11 nodes)
[2487] processed 057968 (12 nodes)
[2488] processed 058052 (11 nodes)
[2489] processed 058053 (12 nodes)
[2490] processed 058054 (11 nodes)
[2491] processed 058060 (11 nodes)
[2492] processed 058061 (12 nodes)
[2493] processed 058063 (11 nodes)
[2494] processed 058068 (12 nodes)
[2495] processed 058070 (12 nodes)
[2496] processed 058115 (11 nodes)
[2497] processed 058116 (12 nodes)
[2498] processed 058117 (12 nodes)
[2499] processed 058135 (12 nodes)
[2500] processed 058140 (12 nodes)
[2501] processed 058161 (11 nodes)
[2502] processed 058162 (11 nodes)
[2503] processed 058164 (11 nodes)
[2504] processed 058166 (11 nodes)
[2505] processed 058169 (11 nodes)
[2506] processed 058170 (11 nodes)
[2507] processed 058173 (11 nodes)
[2508] processed 058174 (12 nodes)
[2509] processed 058207 (11 nodes)
[2510] processed 058212 (11 nodes)
[2511] processed 058213 (11 nodes)
[2512] processed 058215 (11 nodes)
[2513] processed 058221 (12 nodes)
[2514] processed 058225 (12 nodes)
[2515] processed 058333 (12 nodes)
[2516] processed 058334 (12 nodes)
[2517] processed 058341 (11 nodes)
[2518] processed 058474 (11 nodes)
[2519] processed 058539 (12 nodes)
[2520] processed 058540 (11 nodes)
[2521] processed 058541 (11 nodes)
[2522] processed 058542 (11 nodes)
[2523] processed 058543 (12 nodes)
[2524] processed 059078 (12 nodes)
[2525] processed 059373 (11 nodes)
[2526] processed 059374 (11 nodes)
[2527] processed 059443 (11 nodes)
[2528] processed 059445 (12 nodes)
[2529] processed 059446 (12 nodes)
[2530] processed 059448 (11 nodes)
[2531] processed 059449 (12 nodes)
[2532] processed 059451 (12 nodes)
[2533] processed 059454 (12 nodes)
[2534] processed 059561 (11 nodes)
[2535] processed 059562 (11 nodes)
[2536] processed 059581 (12 nodes)
[2537] processed 059653 (12 nodes)
[2538] processed 059654 (12 nodes)
[2539] processed 059656 (11 nodes)
[2540] processed 059657 (11 nodes)
[2541] processed 059658 (12 nodes)
[2542] processed 059659 (11 nodes)
[2543] processed 059660 (11 nodes)
[2544] processed 059663 (12 nodes)
[2545] processed 059664 (11 nodes)
[2546] processed 059666 (11 nodes)
[2547] processed 059667 (11 nodes)
[2548] processed 059669 (11 nodes)
[2549] processed 059671 (11 nodes)
[2550] processed 059673 (11 nodes)
[2551] processed 059675 (12 nodes)
[2552] processed 059676 (11 nodes)
[2553] processed 059677 (11 nodes)
[2554] processed 059678 (11 nodes)
[2555] processed 059679 (11 nodes)
[2556] processed 059680 (11 nodes)
[2557] processed 059681 (12 nodes)
[2558] processed 059682 (12 nodes)
[2559] processed 059683 (12 nodes)
[2560] processed 059684 (11 nodes)
[2561] processed 059685 (11 nodes)
[2562] processed 059686 (12 nodes)
[2563] processed 059687 (11 nodes)
[2564] processed 059688 (12 nodes)
[2565] processed 059695 (12 nodes)
[2566] processed 059702 (12 nodes)
[2567] processed 059706 (11 nodes)
[2568] processed 059707 (11 nodes)
[2569] processed 059708 (12 nodes)
[2570] processed 059709 (12 nodes)
[2571] processed 059710 (12 nodes)
[2572] processed 059711 (12 nodes)
[2573] processed 059718 (12 nodes)
[2574] processed 059719 (11 nodes)
[2575] processed 059720 (11 nodes)
[2576] processed 059721 (12 nodes)
[2577] processed 059723 (12 nodes)
[2578] processed 059724 (11 nodes)
[2579] processed 059725 (11 nodes)
[2580] processed 059726 (12 nodes)
[2581] processed 059727 (11 nodes)
[2582] processed 059823 (11 nodes)
[2583] processed 059876 (11 nodes)
[2584] processed 059930 (12 nodes)
[2585] processed 060037 (11 nodes)
[2586] processed 060038 (11 nodes)
[2587] processed 060041 (11 nodes)
[2588] processed 060042 (11 nodes)
[2589] processed 060045 (11 nodes)
[2590] processed 060048 (11 nodes)
[2591] processed 060074 (11 nodes)
[2592] processed 060143 (11 nodes)
[2593] processed 060144 (11 nodes)
[2594] processed 060145 (11 nodes)
[2595] processed 060146 (12 nodes)
[2596] processed 060170 (11 nodes)
[2597] processed 060317 (12 nodes)
[2598] processed 060331 (11 nodes)
[2599] processed 060472 (11 nodes)
[2600] processed 060474 (11 nodes)
[2601] processed 060476 (12 nodes)
[2602] processed 060477 (12 nodes)
[2603] processed 060478 (11 nodes)
[2604] processed 060510 (11 nodes)
[2605] processed 060533 (12 nodes)
[2606] processed 060534 (11 nodes)
[2607] processed 060535 (11 nodes)
[2608] processed 060536 (11 nodes)
[2609] processed 060537 (11 nodes)
[2610] processed 060544 (11 nodes)
[2611] processed 060547 (12 nodes)
[2612] processed 060548 (11 nodes)
[2613] processed 060549 (12 nodes)
[2614] processed 060736 (12 nodes)
[2615] processed 060753 (11 nodes)
[2616] processed 060754 (11 nodes)
[2617] processed 060755 (11 nodes)
[2618] processed 060756 (12 nodes)
[2619] processed 060757 (11 nodes)
[2620] processed 060758 (11 nodes)
[2621] processed 060775 (12 nodes)
[2622] processed 060776 (12 nodes)
[2623] processed 060777 (11 nodes)
[2624] processed 060857 (12 nodes)
[2625] processed 060864 (12 nodes)
[2626] processed 060865 (11 nodes)
[2627] processed 060871 (11 nodes)
[2628] processed 060872 (11 nodes)
[2629] processed 060873 (11 nodes)
[2630] processed 060874 (12 nodes)
[2631] processed 060875 (11 nodes)
[2632] processed 060994 (11 nodes)
[2633] processed 061006 (12 nodes)
[2634] processed 061007 (11 nodes)
[2635] processed 061008 (11 nodes)
[2636] processed 061010 (11 nodes)
[2637] processed 061011 (12 nodes)
[2638] processed 061012 (11 nodes)
[2639] processed 061013 (11 nodes)
[2640] processed 061159 (12 nodes)
[2641] processed 061160 (11 nodes)
[2642] processed 061161 (11 nodes)
[2643] processed 061172 (11 nodes)
[2644] processed 061174 (11 nodes)
[2645] processed 061175 (12 nodes)
[2646] processed 061452 (11 nodes)
[2647] processed 061453 (11 nodes)
[2648] processed 061491 (11 nodes)
[2649] processed 061492 (11 nodes)
[2650] processed 061493 (11 nodes)
[2651] processed 061587 (11 nodes)
[2652] processed 061589 (12 nodes)
[2653] processed 061591 (11 nodes)
[2654] processed 061592 (11 nodes)
[2655] processed 061668 (11 nodes)
[2656] processed 061670 (12 nodes)
[2657] processed 061679 (11 nodes)
[2658] processed 061734 (12 nodes)
[2659] processed 061736 (11 nodes)
[2660] processed 061742 (11 nodes)
[2661] processed 061814 (11 nodes)
[2662] processed 061820 (11 nodes)
[2663] processed 061821 (12 nodes)
[2664] processed 061884 (11 nodes)
[2665] processed 062001 (12 nodes)
[2666] processed 062003 (11 nodes)
[2667] processed 062005 (11 nodes)
[2668] processed 062007 (11 nodes)
[2669] processed 062163 (11 nodes)
[2670] processed 062164 (11 nodes)
[2671] processed 062165 (11 nodes)
[2672] processed 062180 (12 nodes)
[2673] processed 062183 (12 nodes)
[2674] processed 062184 (11 nodes)
[2675] processed 062185 (11 nodes)
[2676] processed 062186 (11 nodes)
[2677] processed 062187 (11 nodes)
[2678] processed 062188 (12 nodes)
[2679] processed 062189 (12 nodes)
[2680] processed 062190 (12 nodes)
[2681] processed 062191 (12 nodes)
[2682] processed 062192 (11 nodes)
[2683] processed 062193 (12 nodes)
[2684] processed 062194 (11 nodes)
[2685] processed 062195 (11 nodes)
[2686] processed 062196 (12 nodes)
[2687] processed 062337 (11 nodes)
[2688] processed 062426 (12 nodes)
[2689] processed 062436 (12 nodes)
[2690] processed 062445 (12 nodes)
[2691] processed 062446 (11 nodes)
[2692] processed 062448 (12 nodes)
[2693] processed 062449 (12 nodes)
[2694] processed 062450 (12 nodes)
[2695] processed 062452 (11 nodes)
[2696] processed 062458 (12 nodes)
[2697] processed 062525 (11 nodes)
[2698] processed 062526 (12 nodes)
[2699] processed 062527 (12 nodes)
[2700] processed 062528 (12 nodes)
[2701] processed 062529 (12 nodes)
[2702] processed 062531 (12 nodes)
[2703] processed 062532 (12 nodes)
[2704] processed 062533 (12 nodes)
[2705] processed 062534 (11 nodes)
[2706] processed 062586 (11 nodes)
[2707] processed 062589 (12 nodes)
[2708] processed 062591 (11 nodes)
[2709] processed 062592 (12 nodes)
[2710] processed 062594 (11 nodes)
[2711] processed 062595 (12 nodes)
[2712] processed 062596 (11 nodes)
[2713] processed 062655 (12 nodes)
[2714] processed 062671 (11 nodes)
[2715] processed 062742 (12 nodes)
[2716] processed 062748 (11 nodes)
[2717] processed 062749 (11 nodes)
[2718] processed 062750 (11 nodes)
[2719] processed 062751 (11 nodes)
[2720] processed 062753 (12 nodes)
[2721] processed 063043 (11 nodes)
[2722] processed 063044 (12 nodes)
[2723] processed 063045 (12 nodes)
[2724] processed 063064 (11 nodes)
[2725] processed 063065 (12 nodes)
[2726] processed 063117 (11 nodes)
[2727] processed 063149 (11 nodes)
[2728] processed 063159 (12 nodes)
[2729] processed 063161 (12 nodes)
[2730] processed 063191 (12 nodes)
[2731] processed 063208 (11 nodes)
[2732] processed 063224 (12 nodes)
[2733] processed 063226 (12 nodes)
[2734] processed 063250 (12 nodes)
[2735] processed 063251 (11 nodes)
[2736] processed 063252 (11 nodes)
[2737] processed 063253 (11 nodes)
[2738] processed 063255 (12 nodes)
[2739] processed 063257 (12 nodes)
[2740] processed 063258 (11 nodes)
[2741] processed 063287 (11 nodes)
[2742] processed 063289 (11 nodes)
[2743] processed 063290 (11 nodes)
[2744] processed 063291 (11 nodes)
[2745] processed 063292 (11 nodes)
[2746] processed 063456 (12 nodes)
[2747] processed 063457 (11 nodes)
[2748] processed 063470 (11 nodes)
[2749] processed 063471 (11 nodes)
[2750] processed 063472 (11 nodes)
[2751] processed 063626 (11 nodes)
[2752] processed 063655 (12 nodes)
[2753] processed 063733 (11 nodes)
[2754] processed 063747 (11 nodes)
[2755] processed 063755 (11 nodes)
[2756] processed 063757 (12 nodes)
[2757] processed 063770 (11 nodes)
[2758] processed 063789 (11 nodes)
[2759] processed 063803 (11 nodes)
[2760] processed 063804 (11 nodes)
[2761] processed 063805 (12 nodes)
[2762] processed 063874 (11 nodes)
[2763] processed 063900 (12 nodes)
[2764] processed 063908 (12 nodes)
[2765] processed 063922 (12 nodes)
[2766] processed 063936 (11 nodes)
[2767] processed 063999 (11 nodes)
[2768] processed 064005 (11 nodes)
[2769] processed 064006 (11 nodes)
[2770] processed 064007 (12 nodes)
[2771] processed 064008 (12 nodes)
[2772] processed 064009 (12 nodes)
[2773] processed 064035 (11 nodes)
[2774] processed 064078 (12 nodes)
[2775] processed 064079 (11 nodes)
[2776] processed 064091 (11 nodes)
[2777] processed 064093 (12 nodes)
[2778] processed 064247 (12 nodes)
[2779] processed 064248 (11 nodes)
[2780] processed 064249 (11 nodes)
[2781] processed 064252 (11 nodes)
[2782] processed 064253 (11 nodes)
[2783] processed 064331 (11 nodes)
[2784] processed 064332 (12 nodes)
[2785] processed 064333 (12 nodes)
[2786] processed 064334 (11 nodes)
[2787] processed 064338 (12 nodes)
[2788] processed 064364 (12 nodes)
[2789] processed 064365 (11 nodes)
[2790] processed 064366 (12 nodes)
[2791] processed 064407 (12 nodes)
[2792] processed 064408 (12 nodes)
[2793] processed 064409 (11 nodes)
[2794] processed 064410 (12 nodes)
[2795] processed 064515 (11 nodes)
[2796] processed 064516 (12 nodes)
[2797] processed 064517 (12 nodes)
[2798] processed 064519 (11 nodes)
[2799] processed 064520 (12 nodes)
[2800] processed 064521 (11 nodes)
[2801] processed 064522 (11 nodes)
[2802] processed 064523 (12 nodes)
[2803] processed 064535 (12 nodes)
[2804] processed 064536 (12 nodes)
[2805] processed 064537 (11 nodes)
[2806] processed 064538 (12 nodes)
[2807] processed 064542 (11 nodes)
[2808] processed 064553 (11 nodes)
[2809] processed 064556 (12 nodes)
[2810] processed 064567 (11 nodes)
[2811] processed 064590 (12 nodes)
[2812] processed 064591 (12 nodes)
[2813] processed 064592 (12 nodes)
[2814] processed 064593 (12 nodes)
[2815] processed 064594 (12 nodes)
[2816] processed 064601 (11 nodes)
[2817] processed 064604 (11 nodes)
[2818] processed 064618 (11 nodes)
[2819] processed 064625 (11 nodes)
[2820] processed 064626 (12 nodes)
[2821] processed 064627 (12 nodes)
[2822] processed 064628 (11 nodes)
[2823] processed 064629 (12 nodes)
[2824] processed 064630 (12 nodes)
[2825] processed 064631 (11 nodes)
[2826] processed 064659 (11 nodes)
[2827] processed 064787 (12 nodes)
[2828] processed 064788 (12 nodes)
[2829] processed 064789 (11 nodes)
[2830] processed 064796 (12 nodes)
[2831] processed 064809 (11 nodes)
[2832] processed 064834 (12 nodes)
[2833] processed 064840 (11 nodes)
[2834] processed 064841 (11 nodes)
[2835] processed 064854 (12 nodes)
[2836] processed 064855 (11 nodes)
[2837] processed 064856 (12 nodes)
[2838] processed 064857 (12 nodes)
[2839] processed 064858 (11 nodes)
[2840] processed 064859 (12 nodes)
[2841] processed 064860 (11 nodes)
[2842] processed 064861 (11 nodes)
[2843] processed 064862 (11 nodes)
[2844] processed 064863 (11 nodes)
[2845] processed 064864 (11 nodes)
[2846] processed 064865 (12 nodes)
[2847] processed 064866 (12 nodes)
[2848] processed 064893 (12 nodes)
[2849] processed 064895 (12 nodes)
[2850] processed 064896 (11 nodes)
[2851] processed 064918 (12 nodes)
[2852] processed 064919 (11 nodes)
[2853] processed 064988 (12 nodes)
[2854] processed 064989 (11 nodes)
[2855] processed 064990 (11 nodes)
[2856] processed 064991 (11 nodes)
[2857] processed 064992 (11 nodes)
[2858] processed 064993 (11 nodes)
[2859] processed 064994 (12 nodes)
[2860] processed 064995 (12 nodes)
[2861] processed 065037 (11 nodes)
[2862] processed 065038 (11 nodes)
[2863] processed 065039 (11 nodes)
[2864] processed 065040 (12 nodes)
[2865] processed 065063 (11 nodes)
[2866] processed 065064 (11 nodes)
[2867] processed 065073 (11 nodes)
[2868] processed 065076 (12 nodes)
[2869] processed 065077 (12 nodes)
[2870] processed 065090 (12 nodes)
[2871] processed 065234 (12 nodes)
[2872] processed 065265 (12 nodes)
[2873] processed 065488 (11 nodes)
[2874] processed 065619 (12 nodes)
[2875] processed 065683 (12 nodes)
[2876] processed 065685 (11 nodes)
[2877] processed 065745 (11 nodes)
[2878] processed 065752 (11 nodes)
[2879] processed 065755 (12 nodes)
[2880] processed 065756 (11 nodes)
[2881] processed 065777 (11 nodes)
[2882] processed 065779 (11 nodes)
[2883] processed 065780 (11 nodes)
[2884] processed 065893 (12 nodes)
[2885] processed 066058 (11 nodes)
[2886] processed 066073 (11 nodes)
[2887] processed 066074 (11 nodes)
[2888] processed 066075 (12 nodes)
[2889] processed 066076 (12 nodes)
[2890] processed 066180 (11 nodes)
[2891] processed 066187 (11 nodes)
[2892] processed 066390 (12 nodes)
[2893] processed 066394 (11 nodes)
[2894] processed 066405 (11 nodes)
[2895] processed 066469 (12 nodes)
[2896] processed 066482 (11 nodes)
[2897] processed 066483 (12 nodes)
[2898] processed 066525 (11 nodes)
[2899] processed 066534 (12 nodes)
[2900] processed 066535 (12 nodes)
[2901] processed 066536 (12 nodes)
[2902] processed 066537 (12 nodes)
[2903] processed 066538 (11 nodes)
[2904] processed 066539 (12 nodes)
[2905] processed 066636 (12 nodes)
[2906] processed 066637 (11 nodes)
[2907] processed 066638 (11 nodes)
[2908] processed 066641 (11 nodes)
[2909] processed 066643 (12 nodes)
[2910] processed 066644 (12 nodes)
[2911] processed 066646 (11 nodes)
[2912] processed 066648 (12 nodes)
[2913] processed 066649 (11 nodes)
[2914] processed 066650 (12 nodes)
[2915] processed 066689 (12 nodes)
[2916] processed 066690 (11 nodes)
[2917] processed 066717 (11 nodes)
[2918] processed 066757 (11 nodes)
[2919] processed 066782 (12 nodes)
[2920] processed 066783 (11 nodes)
[2921] processed 067007 (12 nodes)
[2922] processed 067010 (12 nodes)
[2923] processed 067011 (12 nodes)
[2924] processed 067016 (11 nodes)
[2925] processed 067017 (12 nodes)
[2926] processed 067121 (12 nodes)
[2927] processed 067163 (12 nodes)
[2928] processed 067232 (11 nodes)
[2929] processed 067233 (12 nodes)
[2930] processed 067235 (12 nodes)
[2931] processed 067237 (12 nodes)
[2932] processed 067308 (11 nodes)
[2933] processed 067330 (12 nodes)
[2934] processed 067331 (11 nodes)
[2935] processed 067332 (12 nodes)
[2936] processed 067333 (11 nodes)
[2937] processed 067334 (12 nodes)
[2938] processed 067336 (12 nodes)
[2939] processed 067357 (12 nodes)
[2940] processed 067358 (12 nodes)
[2941] processed 067359 (11 nodes)
[2942] processed 067360 (11 nodes)
[2943] processed 067361 (11 nodes)
[2944] processed 067362 (11 nodes)
[2945] processed 067363 (11 nodes)
[2946] processed 067364 (11 nodes)
[2947] processed 067365 (12 nodes)
[2948] processed 067366 (12 nodes)
[2949] processed 067367 (11 nodes)
[2950] processed 067368 (11 nodes)
[2951] processed 067412 (11 nodes)
[2952] processed 067457 (11 nodes)
[2953] processed 067470 (12 nodes)
[2954] processed 067500 (11 nodes)
[2955] processed 067553 (11 nodes)
[2956] processed 067556 (11 nodes)
[2957] processed 067557 (11 nodes)
[2958] processed 067558 (11 nodes)
[2959] processed 067597 (12 nodes)
[2960] processed 067598 (11 nodes)
[2961] processed 067600 (11 nodes)
[2962] processed 067637 (11 nodes)
[2963] processed 067638 (11 nodes)
[2964] processed 067639 (12 nodes)
[2965] processed 067640 (12 nodes)
[2966] processed 067660 (11 nodes)
[2967] processed 067661 (12 nodes)
[2968] processed 067673 (11 nodes)
[2969] processed 067707 (11 nodes)
[2970] processed 067760 (11 nodes)
[2971] processed 067763 (11 nodes)
[2972] processed 067764 (11 nodes)
[2973] processed 067765 (11 nodes)
[2974] processed 067766 (12 nodes)
[2975] processed 067784 (12 nodes)
[2976] processed 067793 (12 nodes)
[2977] processed 067829 (12 nodes)
[2978] processed 068353 (11 nodes)
[2979] processed 068354 (12 nodes)
[2980] processed 068355 (12 nodes)
[2981] processed 068356 (12 nodes)
[2982] processed 068404 (11 nodes)
[2983] processed 068407 (11 nodes)
[2984] processed 068410 (12 nodes)
[2985] processed 068444 (12 nodes)
[2986] processed 068531 (11 nodes)
[2987] processed 068536 (12 nodes)
[2988] processed 068537 (11 nodes)
[2989] processed 068538 (12 nodes)
[2990] processed 068539 (11 nodes)
[2991] processed 068540 (11 nodes)
[2992] processed 068541 (11 nodes)
[2993] processed 068543 (12 nodes)
[2994] processed 068549 (11 nodes)
[2995] processed 068551 (12 nodes)
[2996] processed 068573 (11 nodes)
[2997] processed 068579 (11 nodes)
[2998] processed 068582 (12 nodes)
[2999] processed 068587 (12 nodes)
[3000] processed 068592 (11 nodes)
[3001] processed 068600 (11 nodes)
[3002] processed 068601 (11 nodes)
[3003] processed 068680 (11 nodes)
[3004] processed 068682 (12 nodes)
[3005] processed 068683 (12 nodes)
[3006] processed 068820 (12 nodes)
[3007] processed 068821 (12 nodes)
[3008] processed 068837 (12 nodes)
[3009] processed 068838 (11 nodes)
[3010] processed 068839 (12 nodes)
[3011] processed 068840 (12 nodes)
[3012] processed 068841 (11 nodes)
[3013] processed 068842 (11 nodes)
[3014] processed 068843 (11 nodes)
[3015] processed 068844 (12 nodes)
[3016] processed 068851 (11 nodes)
[3017] processed 068852 (11 nodes)
[3018] processed 068853 (11 nodes)
[3019] processed 068854 (12 nodes)
[3020] processed 068860 (11 nodes)
[3021] processed 068861 (12 nodes)
[3022] processed 068862 (12 nodes)
[3023] processed 068869 (11 nodes)
[3024] processed 068872 (11 nodes)
[3025] processed 068875 (11 nodes)
[3026] processed 068891 (11 nodes)
[3027] processed 068892 (11 nodes)
[3028] processed 068893 (12 nodes)
[3029] processed 068894 (11 nodes)
[3030] processed 068895 (11 nodes)
[3031] processed 068896 (11 nodes)
[3032] processed 068897 (12 nodes)
[3033] processed 068898 (11 nodes)
[3034] processed 068899 (11 nodes)
[3035] processed 068909 (11 nodes)
[3036] processed 069001 (11 nodes)
[3037] processed 069002 (11 nodes)
[3038] processed 069170 (12 nodes)
[3039] processed 069181 (11 nodes)
[3040] processed 069182 (11 nodes)
[3041] processed 069188 (11 nodes)
[3042] processed 069193 (11 nodes)
[3043] processed 069194 (11 nodes)
[3044] processed 069195 (12 nodes)
[3045] processed 069196 (12 nodes)
[3046] processed 069197 (12 nodes)
[3047] processed 069198 (11 nodes)
[3048] processed 069199 (11 nodes)
[3049] processed 069200 (12 nodes)
[3050] processed 069201 (11 nodes)
[3051] processed 069202 (11 nodes)
[3052] processed 069203 (12 nodes)
[3053] processed 069204 (11 nodes)
[3054] processed 069205 (12 nodes)
[3055] processed 069206 (11 nodes)
[3056] processed 069207 (12 nodes)
[3057] processed 069208 (12 nodes)
[3058] processed 069209 (11 nodes)
[3059] processed 069210 (12 nodes)
[3060] processed 069211 (12 nodes)
[3061] processed 069221 (11 nodes)
[3062] processed 069222 (11 nodes)
[3063] processed 069223 (11 nodes)
[3064] processed 069303 (11 nodes)
[3065] processed 069554 (11 nodes)
[3066] processed 069555 (12 nodes)
[3067] processed 069561 (11 nodes)
[3068] processed 069563 (11 nodes)
[3069] processed 069564 (11 nodes)
[3070] processed 069567 (12 nodes)
[3071] processed 069682 (11 nodes)
[3072] processed 069723 (11 nodes)
[3073] processed 069726 (12 nodes)
[3074] processed 069727 (11 nodes)
[3075] processed 069732 (12 nodes)
[3076] processed 069744 (12 nodes)
[3077] processed 069745 (12 nodes)
[3078] processed 069746 (11 nodes)
[3079] processed 069747 (12 nodes)
[3080] processed 069761 (11 nodes)
[3081] processed 069762 (11 nodes)
[3082] processed 069763 (11 nodes)
[3083] processed 069764 (11 nodes)
[3084] processed 069765 (12 nodes)
[3085] processed 069766 (11 nodes)
[3086] processed 069767 (11 nodes)
[3087] processed 069768 (12 nodes)
[3088] processed 069781 (11 nodes)
[3089] processed 069784 (11 nodes)
[3090] processed 069785 (12 nodes)
[3091] processed 069787 (12 nodes)
[3092] processed 069788 (11 nodes)
[3093] processed 069789 (11 nodes)
[3094] processed 069791 (11 nodes)
[3095] processed 069792 (12 nodes)
[3096] processed 069793 (11 nodes)
[3097] processed 069798 (12 nodes)
[3098] processed 069822 (12 nodes)
[3099] processed 069823 (11 nodes)
[3100] processed 069824 (12 nodes)
[3101] processed 069825 (12 nodes)
[3102] processed 069826 (11 nodes)
[3103] processed 069827 (12 nodes)
[3104] processed 069828 (11 nodes)
[3105] processed 069830 (12 nodes)
[3106] processed 069833 (11 nodes)
[3107] processed 069904 (11 nodes)
[3108] processed 069947 (11 nodes)
[3109] processed 069949 (11 nodes)
[3110] processed 069985 (11 nodes)
[3111] processed 070002 (12 nodes)
[3112] processed 070005 (12 nodes)
[3113] processed 070174 (11 nodes)
[3114] processed 070206 (11 nodes)
[3115] processed 070207 (11 nodes)
[3116] processed 070208 (11 nodes)
[3117] processed 070299 (11 nodes)
[3118] processed 070300 (11 nodes)
[3119] processed 070301 (12 nodes)
[3120] processed 070302 (11 nodes)
[3121] processed 070303 (11 nodes)
[3122] processed 070402 (11 nodes)
[3123] processed 070403 (12 nodes)
[3124] processed 070409 (12 nodes)
[3125] processed 070423 (11 nodes)
[3126] processed 070424 (11 nodes)
[3127] processed 070425 (12 nodes)
[3128] processed 070426 (11 nodes)
[3129] processed 070654 (12 nodes)
[3130] processed 070655 (11 nodes)
[3131] processed 070657 (11 nodes)
[3132] processed 070660 (11 nodes)
[3133] processed 070768 (11 nodes)
[3134] processed 070770 (11 nodes)
[3135] processed 070772 (11 nodes)
[3136] processed 070773 (11 nodes)
[3137] processed 070774 (12 nodes)
[3138] processed 070775 (12 nodes)
[3139] processed 070813 (11 nodes)
[3140] processed 070873 (11 nodes)
[3141] processed 070875 (11 nodes)
[3142] processed 070878 (12 nodes)
[3143] processed 070879 (11 nodes)
[3144] processed 071096 (11 nodes)
[3145] processed 071133 (12 nodes)
[3146] processed 071157 (11 nodes)
[3147] processed 071158 (11 nodes)
[3148] processed 071172 (12 nodes)
[3149] processed 071173 (11 nodes)
[3150] processed 071174 (11 nodes)
[3151] processed 071175 (11 nodes)
[3152] processed 071216 (12 nodes)
[3153] processed 071225 (11 nodes)
[3154] processed 071228 (11 nodes)
[3155] processed 071230 (11 nodes)
[3156] processed 071231 (12 nodes)
[3157] processed 071240 (12 nodes)
[3158] processed 071241 (12 nodes)
[3159] processed 071242 (11 nodes)
[3160] processed 071243 (12 nodes)
[3161] processed 071244 (11 nodes)
[3162] processed 071245 (11 nodes)
[3163] processed 071246 (11 nodes)
[3164] processed 071247 (12 nodes)
[3165] processed 071248 (11 nodes)
[3166] processed 071249 (12 nodes)
[3167] processed 071250 (12 nodes)
[3168] processed 071251 (11 nodes)
[3169] processed 071252 (11 nodes)
[3170] processed 071253 (11 nodes)
[3171] processed 071254 (11 nodes)
[3172] processed 071255 (11 nodes)
[3173] processed 071276 (12 nodes)
[3174] processed 071303 (11 nodes)
[3175] processed 071304 (12 nodes)
[3176] processed 071371 (11 nodes)
[3177] processed 071372 (11 nodes)
[3178] processed 071420 (12 nodes)
[3179] processed 071503 (12 nodes)
[3180] processed 071506 (12 nodes)
[3181] processed 071507 (11 nodes)
[3182] processed 071508 (12 nodes)
[3183] processed 071509 (11 nodes)
[3184] processed 071510 (11 nodes)
[3185] processed 071511 (12 nodes)
[3186] processed 071512 (11 nodes)
[3187] processed 071513 (11 nodes)
[3188] processed 071514 (12 nodes)
[3189] processed 071515 (11 nodes)
[3190] processed 071516 (11 nodes)
[3191] processed 071617 (11 nodes)
[3192] processed 071620 (12 nodes)
[3193] processed 071622 (11 nodes)
[3194] processed 071690 (12 nodes)
[3195] processed 071691 (11 nodes)
[3196] processed 071692 (12 nodes)
[3197] processed 071693 (11 nodes)
[3198] processed 071694 (12 nodes)
[3199] processed 071695 (11 nodes)
[3200] processed 071709 (11 nodes)
[3201] processed 071711 (11 nodes)
[3202] processed 071714 (11 nodes)
[3203] processed 071715 (12 nodes)
[3204] processed 071719 (11 nodes)
[3205] processed 071721 (11 nodes)
[3206] processed 071722 (11 nodes)
[3207] processed 071822 (11 nodes)
[3208] processed 071884 (12 nodes)
[3209] processed 071885 (12 nodes)
[3210] processed 071937 (12 nodes)
[3211] processed 071938 (11 nodes)
[3212] processed 072046 (11 nodes)
[3213] processed 072047 (12 nodes)
[3214] processed 072050 (11 nodes)
[3215] processed 072056 (12 nodes)
[3216] processed 072058 (12 nodes)
[3217] processed 072059 (12 nodes)
[3218] processed 072064 (12 nodes)
[3219] processed 072067 (12 nodes)
[3220] processed 072068 (12 nodes)
[3221] processed 072069 (12 nodes)
[3222] processed 072070 (11 nodes)
[3223] processed 072071 (11 nodes)
[3224] processed 072072 (11 nodes)
[3225] processed 072073 (11 nodes)
[3226] processed 072074 (11 nodes)
[3227] processed 072075 (11 nodes)
[3228] processed 072076 (11 nodes)
[3229] processed 072129 (11 nodes)
[3230] processed 072130 (12 nodes)
[3231] processed 072131 (12 nodes)
[3232] processed 072134 (12 nodes)
[3233] processed 072135 (11 nodes)
[3234] processed 072136 (11 nodes)
[3235] processed 072146 (11 nodes)
[3236] processed 072149 (11 nodes)
[3237] processed 072200 (12 nodes)
[3238] processed 072206 (11 nodes)
[3239] processed 072210 (11 nodes)
[3240] processed 072215 (11 nodes)
[3241] processed 072232 (11 nodes)
[3242] processed 072233 (11 nodes)
[3243] processed 072234 (12 nodes)
[3244] processed 072287 (11 nodes)
[3245] processed 072288 (11 nodes)
[3246] processed 072289 (12 nodes)
[3247] processed 072290 (11 nodes)
[3248] processed 072456 (12 nodes)
[3249] processed 072468 (11 nodes)
[3250] processed 072476 (11 nodes)
[3251] processed 072477 (12 nodes)
[3252] processed 072513 (12 nodes)
[3253] processed 072514 (11 nodes)
[3254] processed 072562 (12 nodes)
[3255] processed 072565 (12 nodes)
[3256] processed 072570 (12 nodes)
[3257] processed 072604 (11 nodes)
[3258] processed 072605 (12 nodes)
[3259] processed 072607 (12 nodes)
[3260] processed 072612 (11 nodes)
[3261] processed 072738 (11 nodes)
[3262] processed 072781 (12 nodes)
[3263] processed 072782 (11 nodes)
[3264] processed 072783 (11 nodes)
[3265] processed 072784 (11 nodes)
[3266] processed 072785 (12 nodes)
[3267] processed 072786 (11 nodes)
[3268] processed 072787 (11 nodes)
[3269] processed 072788 (12 nodes)
[3270] processed 072789 (11 nodes)
[3271] processed 072790 (12 nodes)
[3272] processed 072926 (11 nodes)
[3273] processed 072927 (11 nodes)
[3274] processed 072928 (12 nodes)
[3275] processed 072930 (12 nodes)
[3276] processed 073087 (11 nodes)
[3277] processed 073099 (11 nodes)
[3278] processed 073100 (11 nodes)
[3279] processed 073123 (12 nodes)
[3280] processed 073124 (12 nodes)
[3281] processed 073125 (12 nodes)
[3282] processed 073169 (12 nodes)
[3283] processed 073170 (11 nodes)
[3284] processed 073171 (11 nodes)
[3285] processed 073172 (12 nodes)
[3286] processed 073174 (11 nodes)
[3287] processed 073175 (12 nodes)
[3288] processed 073192 (12 nodes)
[3289] processed 073193 (11 nodes)
[3290] processed 073306 (12 nodes)
[3291] processed 073309 (11 nodes)
[3292] processed 073318 (12 nodes)
[3293] processed 073335 (11 nodes)
[3294] processed 073340 (11 nodes)
[3295] processed 073341 (11 nodes)
[3296] processed 073342 (11 nodes)
[3297] processed 073343 (11 nodes)
[3298] processed 073344 (11 nodes)
[3299] processed 073363 (12 nodes)
[3300] processed 073365 (11 nodes)
[3301] processed 073366 (11 nodes)
[3302] processed 073367 (11 nodes)
[3303] processed 073368 (12 nodes)
[3304] processed 073369 (11 nodes)
[3305] processed 073370 (12 nodes)
[3306] processed 073371 (12 nodes)
[3307] processed 073372 (12 nodes)
[3308] processed 073465 (12 nodes)
[3309] processed 073466 (11 nodes)
[3310] processed 073467 (11 nodes)
[3311] processed 073468 (12 nodes)
[3312] processed 073469 (11 nodes)
[3313] processed 073486 (11 nodes)
[3314] processed 073494 (11 nodes)
[3315] processed 073495 (12 nodes)
[3316] processed 073519 (12 nodes)
[3317] processed 073520 (11 nodes)
[3318] processed 073521 (11 nodes)
[3319] processed 073522 (11 nodes)
[3320] processed 073550 (11 nodes)
[3321] processed 073551 (12 nodes)
[3322] processed 073560 (11 nodes)
[3323] processed 073561 (11 nodes)
[3324] processed 073564 (11 nodes)
[3325] processed 073565 (12 nodes)
[3326] processed 073566 (11 nodes)
[3327] processed 073568 (12 nodes)
[3328] processed 073572 (11 nodes)
[3329] processed 073573 (12 nodes)
[3330] processed 073580 (12 nodes)
[3331] processed 073584 (11 nodes)
[3332] processed 073585 (11 nodes)
[3333] processed 073587 (11 nodes)
[3334] processed 073658 (11 nodes)
[3335] processed 073675 (11 nodes)
[3336] processed 073760 (11 nodes)
[3337] processed 073761 (11 nodes)
[3338] processed 073762 (12 nodes)
[3339] processed 073763 (12 nodes)
[3340] processed 073764 (11 nodes)
[3341] processed 073765 (12 nodes)
[3342] processed 073766 (11 nodes)
[3343] processed 073767 (12 nodes)
[3344] processed 073768 (12 nodes)
[3345] processed 073769 (11 nodes)
[3346] processed 073770 (12 nodes)
[3347] processed 073771 (12 nodes)
[3348] processed 073772 (11 nodes)
[3349] processed 073773 (11 nodes)
[3350] processed 073774 (12 nodes)
[3351] processed 073775 (11 nodes)
[3352] processed 073776 (12 nodes)
[3353] processed 073777 (11 nodes)
[3354] processed 073778 (12 nodes)
[3355] processed 073779 (11 nodes)
[3356] processed 073792 (12 nodes)
[3357] processed 073797 (11 nodes)
[3358] processed 073819 (11 nodes)
[3359] processed 073820 (11 nodes)
[3360] processed 073821 (11 nodes)
[3361] processed 073822 (11 nodes)
[3362] processed 073921 (11 nodes)
[3363] processed 074002 (12 nodes)
[3364] processed 074302 (11 nodes)
[3365] processed 074347 (11 nodes)
[3366] processed 074348 (12 nodes)
[3367] processed 074362 (12 nodes)
[3368] processed 074365 (11 nodes)
[3369] processed 074370 (11 nodes)
[3370] processed 074371 (11 nodes)
[3371] processed 074372 (12 nodes)
[3372] processed 074373 (12 nodes)
[3373] processed 074374 (12 nodes)
[3374] processed 074375 (11 nodes)
[3375] processed 074376 (11 nodes)
[3376] processed 074377 (11 nodes)
[3377] processed 074378 (12 nodes)
[3378] processed 074380 (11 nodes)
[3379] processed 074381 (12 nodes)
[3380] processed 074382 (11 nodes)
[3381] processed 074383 (12 nodes)
[3382] processed 074384 (12 nodes)
[3383] processed 074385 (11 nodes)
[3384] processed 074386 (12 nodes)
[3385] processed 074387 (11 nodes)
[3386] processed 074388 (12 nodes)
[3387] processed 074389 (11 nodes)
[3388] processed 074390 (11 nodes)
[3389] processed 074391 (12 nodes)
[3390] processed 074392 (11 nodes)
[3391] processed 074393 (11 nodes)
[3392] processed 074421 (11 nodes)
[3393] processed 074445 (12 nodes)
[3394] processed 074546 (12 nodes)
[3395] processed 074669 (11 nodes)
[3396] processed 074671 (12 nodes)
[3397] processed 074706 (11 nodes)
[3398] processed 074908 (11 nodes)
[3399] processed 074937 (12 nodes)
[3400] processed 074942 (12 nodes)
[3401] processed 074945 (12 nodes)
[3402] processed 074954 (12 nodes)
[3403] processed 074955 (11 nodes)
[3404] processed 074959 (11 nodes)
[3405] processed 074960 (12 nodes)
[3406] processed 075194 (12 nodes)
[3407] processed 075211 (11 nodes)
[3408] processed 075221 (11 nodes)
[3409] processed 075230 (11 nodes)
[3410] processed 075304 (11 nodes)
[3411] processed 075310 (12 nodes)
[3412] processed 075314 (12 nodes)
[3413] processed 075317 (11 nodes)
[3414] processed 075371 (11 nodes)
[3415] processed 075372 (12 nodes)
[3416] processed 075373 (11 nodes)
[3417] processed 075374 (11 nodes)
[3418] processed 075375 (11 nodes)
[3419] processed 075376 (12 nodes)
[3420] processed 075377 (12 nodes)
[3421] processed 075378 (11 nodes)
[3422] processed 075379 (12 nodes)
[3423] processed 075380 (12 nodes)
[3424] processed 075381 (12 nodes)
[3425] processed 075383 (11 nodes)
[3426] processed 075386 (11 nodes)
[3427] processed 075389 (11 nodes)
[3428] processed 075390 (11 nodes)
[3429] processed 075391 (12 nodes)
[3430] processed 075393 (12 nodes)
[3431] processed 075395 (11 nodes)
[3432] processed 075396 (11 nodes)
[3433] processed 075398 (11 nodes)
[3434] processed 075399 (11 nodes)
[3435] processed 075401 (11 nodes)
[3436] processed 075403 (11 nodes)
[3437] processed 075412 (12 nodes)
[3438] processed 075415 (11 nodes)
[3439] processed 075417 (11 nodes)
[3440] processed 075418 (11 nodes)
[3441] processed 075419 (12 nodes)
[3442] processed 075420 (11 nodes)
[3443] processed 075425 (12 nodes)
[3444] processed 075427 (11 nodes)
[3445] processed 075428 (11 nodes)
[3446] processed 075429 (11 nodes)
[3447] processed 075430 (12 nodes)
[3448] processed 075431 (11 nodes)
[3449] processed 075432 (11 nodes)
[3450] processed 075433 (11 nodes)
[3451] processed 075434 (11 nodes)
[3452] processed 075435 (12 nodes)
[3453] processed 075436 (12 nodes)
[3454] processed 075437 (12 nodes)
[3455] processed 075438 (11 nodes)
[3456] processed 075439 (12 nodes)
[3457] processed 075440 (11 nodes)
[3458] processed 075441 (11 nodes)
[3459] processed 075442 (11 nodes)
[3460] processed 075443 (12 nodes)
[3461] processed 075607 (11 nodes)
[3462] processed 075612 (11 nodes)
[3463] processed 075692 (11 nodes)
[3464] processed 075745 (11 nodes)
[3465] processed 075746 (12 nodes)
[3466] processed 075747 (11 nodes)
[3467] processed 075748 (12 nodes)
[3468] processed 075749 (11 nodes)
[3469] processed 075750 (11 nodes)
[3470] processed 075751 (11 nodes)
[3471] processed 075752 (11 nodes)
[3472] processed 075754 (11 nodes)
[3473] processed 075755 (11 nodes)
[3474] processed 075762 (12 nodes)
[3475] processed 075763 (11 nodes)
[3476] processed 075764 (11 nodes)
[3477] processed 075782 (11 nodes)
[3478] processed 075783 (12 nodes)
[3479] processed 075784 (11 nodes)
[3480] processed 075785 (11 nodes)
[3481] processed 075786 (11 nodes)
[3482] processed 075787 (12 nodes)
[3483] processed 075788 (11 nodes)
[3484] processed 075844 (12 nodes)
[3485] processed 075862 (12 nodes)
[3486] processed 075866 (12 nodes)
[3487] processed 075869 (11 nodes)
[3488] processed 075883 (11 nodes)
[3489] processed 075903 (11 nodes)
[3490] processed 075908 (12 nodes)
[3491] processed 075925 (11 nodes)
[3492] processed 075926 (12 nodes)
[3493] processed 075927 (11 nodes)
[3494] processed 075928 (11 nodes)
[3495] processed 075929 (11 nodes)
[3496] processed 075930 (11 nodes)
[3497] processed 075931 (12 nodes)
[3498] processed 075932 (11 nodes)
[3499] processed 075933 (12 nodes)
[3500] processed 075935 (11 nodes)
[3501] processed 075936 (12 nodes)
[3502] processed 075937 (11 nodes)
[3503] processed 075975 (12 nodes)
[3504] processed 076036 (11 nodes)
[3505] processed 076069 (12 nodes)
[3506] processed 076071 (12 nodes)
[3507] processed 076072 (11 nodes)
[3508] processed 076073 (12 nodes)
[3509] processed 076074 (12 nodes)
[3510] processed 076075 (12 nodes)
[3511] processed 076076 (12 nodes)
[3512] processed 076077 (12 nodes)
[3513] processed 076078 (11 nodes)
[3514] processed 076079 (11 nodes)
[3515] processed 076121 (11 nodes)
[3516] processed 076128 (11 nodes)
[3517] processed 076129 (11 nodes)
[3518] processed 076130 (11 nodes)
[3519] processed 076131 (11 nodes)
[3520] processed 076363 (11 nodes)
[3521] processed 076375 (11 nodes)
[3522] processed 076381 (11 nodes)
[3523] processed 076437 (12 nodes)
[3524] processed 076440 (11 nodes)
[3525] processed 076654 (11 nodes)
[3526] processed 076659 (11 nodes)
[3527] processed 077517 (11 nodes)
[3528] processed 077519 (11 nodes)
[3529] processed 077521 (11 nodes)
[3530] processed 077522 (11 nodes)
[3531] processed 077523 (11 nodes)
[3532] processed 077564 (11 nodes)
[3533] processed 077571 (12 nodes)
[3534] processed 077572 (11 nodes)
[3535] processed 077952 (12 nodes)
[3536] processed 078038 (11 nodes)
[3537] processed 078156 (11 nodes)
[3538] processed 078213 (11 nodes)
[3539] processed 078516 (11 nodes)
[3540] processed 078833 (11 nodes)
[3541] processed 078834 (11 nodes)
[3542] processed 078839 (11 nodes)
[3543] processed 078841 (12 nodes)
[3544] processed 078843 (11 nodes)
[3545] processed 078845 (12 nodes)
[3546] processed 078847 (11 nodes)
[3547] processed 078848 (12 nodes)
[3548] processed 078849 (11 nodes)
[3549] processed 078850 (11 nodes)
[3550] processed 078851 (11 nodes)
[3551] processed 078852 (12 nodes)
[3552] processed 078984 (12 nodes)
[3553] processed 078998 (11 nodes)
[3554] processed 079087 (12 nodes)
[3555] processed 079575 (12 nodes)
[3556] processed 079593 (11 nodes)
[3557] processed 079605 (12 nodes)
[3558] processed 079606 (11 nodes)
[3559] processed 079610 (11 nodes)
[3560] processed 079616 (11 nodes)
[3561] processed 079741 (11 nodes)
[3562] processed 079973 (11 nodes)
[3563] processed 079975 (11 nodes)
[3564] processed 079977 (11 nodes)
[3565] processed 079978 (11 nodes)
[3566] processed 079985 (11 nodes)
[3567] processed 079986 (11 nodes)
[3568] processed 079988 (12 nodes)
[3569] processed 079990 (12 nodes)
[3570] processed 079995 (11 nodes)
[3571] processed 080000 (12 nodes)
[3572] processed 080001 (12 nodes)
[3573] processed 080002 (12 nodes)
[3574] processed 080003 (12 nodes)
[3575] processed 080004 (11 nodes)
[3576] processed 080005 (11 nodes)
[3577] processed 080035 (12 nodes)
[3578] processed 080293 (12 nodes)
[3579] processed 080341 (11 nodes)
[3580] processed 080351 (11 nodes)
[3581] processed 080389 (11 nodes)
[3582] processed 080402 (11 nodes)
[3583] processed 080515 (12 nodes)
[3584] processed 080516 (11 nodes)
[3585] processed 080517 (11 nodes)
[3586] processed 080518 (12 nodes)
[3587] processed 080519 (11 nodes)
[3588] processed 080520 (11 nodes)
[3589] processed 080611 (11 nodes)
[3590] processed 080680 (11 nodes)
[3591] processed 080686 (11 nodes)
[3592] processed 080687 (11 nodes)
[3593] processed 080693 (12 nodes)
[3594] processed 080694 (12 nodes)
[3595] processed 080695 (12 nodes)
[3596] processed 080696 (11 nodes)
[3597] processed 080697 (11 nodes)
[3598] processed 080751 (11 nodes)
[3599] processed 080753 (11 nodes)
[3600] processed 080754 (11 nodes)
[3601] processed 080755 (12 nodes)
[3602] processed 080756 (11 nodes)
[3603] processed 080758 (12 nodes)
[3604] processed 080765 (11 nodes)
[3605] processed 080766 (11 nodes)
[3606] processed 080772 (11 nodes)
[3607] processed 080773 (12 nodes)
[3608] processed 080774 (11 nodes)
[3609] processed 080775 (11 nodes)
[3610] processed 080776 (11 nodes)
[3611] processed 080793 (11 nodes)
[3612] processed 080833 (11 nodes)
[3613] processed 080834 (12 nodes)
[3614] processed 080835 (12 nodes)
[3615] processed 080836 (12 nodes)
[3616] processed 081033 (11 nodes)
[3617] processed 081037 (11 nodes)
[3618] processed 081071 (11 nodes)
[3619] processed 081082 (11 nodes)
[3620] processed 081083 (11 nodes)
[3621] processed 081084 (11 nodes)
[3622] processed 081085 (11 nodes)
[3623] processed 081189 (12 nodes)
[3624] processed 081193 (12 nodes)
[3625] processed 081194 (11 nodes)
[3626] processed 081195 (12 nodes)
[3627] processed 081362 (11 nodes)
[3628] processed 081365 (11 nodes)
[3629] processed 081436 (11 nodes)
[3630] processed 081457 (12 nodes)
[3631] processed 081485 (11 nodes)
[3632] processed 081491 (11 nodes)
[3633] processed 081512 (12 nodes)
[3634] processed 081523 (11 nodes)
[3635] processed 081543 (11 nodes)
[3636] processed 081554 (12 nodes)
[3637] processed 081555 (11 nodes)
[3638] processed 081565 (11 nodes)
[3639] processed 081576 (11 nodes)
[3640] processed 081586 (11 nodes)
[3641] processed 081600 (11 nodes)
[3642] processed 081612 (11 nodes)
[3643] processed 081613 (11 nodes)
[3644] processed 081623 (12 nodes)
[3645] processed 081638 (12 nodes)
[3646] processed 081650 (11 nodes)
[3647] processed 081660 (12 nodes)
[3648] processed 081781 (12 nodes)
[3649] processed 081782 (12 nodes)
[3650] processed 081792 (11 nodes)
[3651] processed 081802 (12 nodes)
[3652] processed 081803 (11 nodes)
[3653] processed 081814 (11 nodes)
[3654] processed 081868 (11 nodes)
[3655] processed 081895 (11 nodes)
[3656] processed 081938 (11 nodes)
[3657] processed 081945 (12 nodes)
[3658] processed 081946 (12 nodes)
[3659] processed 081988 (11 nodes)
[3660] processed 081999 (11 nodes)
[3661] processed 082157 (12 nodes)
[3662] processed 082231 (11 nodes)
[3663] processed 082237 (12 nodes)
[3664] processed 082242 (12 nodes)
[3665] processed 082250 (11 nodes)
[3666] processed 082410 (12 nodes)
[3667] processed 082462 (11 nodes)
[3668] processed 082464 (11 nodes)
[3669] processed 082505 (11 nodes)
[3670] processed 082507 (12 nodes)
[3671] processed 082628 (12 nodes)
[3672] processed 082629 (12 nodes)
[3673] processed 082630 (12 nodes)
[3674] processed 082631 (11 nodes)
[3675] processed 082778 (12 nodes)
[3676] processed 082780 (11 nodes)
[3677] processed 082881 (12 nodes)
[3678] processed 082886 (11 nodes)
[3679] processed 082890 (12 nodes)
[3680] processed 082892 (12 nodes)
[3681] processed 082893 (12 nodes)
[3682] processed 082914 (11 nodes)
[3683] processed 082915 (11 nodes)
[3684] processed 082916 (11 nodes)
[3685] processed 082917 (11 nodes)
[3686] processed 082918 (12 nodes)
[3687] processed 082919 (12 nodes)
[3688] processed 082920 (12 nodes)
[3689] processed 082921 (11 nodes)
[3690] processed 082928 (12 nodes)
[3691] processed 082929 (11 nodes)
[3692] processed 082930 (11 nodes)
[3693] processed 082931 (12 nodes)
[3694] processed 082932 (12 nodes)
[3695] processed 083437 (12 nodes)
[3696] processed 083438 (11 nodes)
[3697] processed 083439 (12 nodes)
[3698] processed 083440 (12 nodes)
[3699] processed 083507 (12 nodes)
[3700] processed 083509 (11 nodes)
[3701] processed 083511 (12 nodes)
[3702] processed 083512 (11 nodes)
[3703] processed 083558 (12 nodes)
[3704] processed 083600 (12 nodes)
[3705] processed 083612 (12 nodes)
[3706] processed 083613 (12 nodes)
[3707] processed 083715 (11 nodes)
[3708] processed 083717 (11 nodes)
[3709] processed 083718 (11 nodes)
[3710] processed 083719 (11 nodes)
[3711] processed 083789 (11 nodes)
[3712] processed 083790 (11 nodes)
[3713] processed 083791 (11 nodes)
[3714] processed 083898 (11 nodes)
[3715] processed 083903 (12 nodes)
[3716] processed 083906 (12 nodes)
[3717] processed 083908 (11 nodes)
[3718] processed 083911 (12 nodes)
[3719] processed 083913 (12 nodes)
[3720] processed 083954 (12 nodes)
[3721] processed 083960 (12 nodes)
[3722] processed 083969 (12 nodes)
[3723] processed 084009 (11 nodes)
[3724] processed 084054 (11 nodes)
[3725] processed 084055 (11 nodes)
[3726] processed 084056 (12 nodes)
[3727] processed 084057 (11 nodes)
[3728] processed 084058 (12 nodes)
[3729] processed 084091 (12 nodes)
[3730] processed 084095 (11 nodes)
[3731] processed 084096 (11 nodes)
[3732] processed 084097 (11 nodes)
[3733] processed 084111 (12 nodes)
[3734] processed 084135 (11 nodes)
[3735] processed 084136 (12 nodes)
[3736] processed 084139 (11 nodes)
[3737] processed 084141 (12 nodes)
[3738] processed 084142 (11 nodes)
[3739] processed 084144 (12 nodes)
[3740] processed 084152 (11 nodes)
[3741] processed 084154 (12 nodes)
[3742] processed 084155 (11 nodes)
[3743] processed 084156 (12 nodes)
[3744] processed 084157 (11 nodes)
[3745] processed 084158 (12 nodes)
[3746] processed 084159 (11 nodes)
[3747] processed 084195 (12 nodes)
[3748] processed 084198 (11 nodes)
[3749] processed 084200 (11 nodes)
[3750] processed 084201 (12 nodes)
[3751] processed 084202 (11 nodes)
[3752] processed 084264 (12 nodes)
[3753] processed 084290 (12 nodes)
[3754] processed 084291 (11 nodes)
[3755] processed 084405 (11 nodes)
[3756] processed 084417 (11 nodes)
[3757] processed 084423 (12 nodes)
[3758] processed 084483 (11 nodes)
[3759] processed 084484 (12 nodes)
[3760] processed 084485 (12 nodes)
[3761] processed 084486 (11 nodes)
[3762] processed 084605 (11 nodes)
[3763] processed 084736 (11 nodes)
[3764] processed 084743 (12 nodes)
[3765] processed 084757 (12 nodes)
[3766] processed 084768 (12 nodes)
[3767] processed 084777 (12 nodes)
[3768] processed 084788 (12 nodes)
[3769] processed 084817 (11 nodes)
[3770] processed 085027 (11 nodes)
[3771] processed 085038 (11 nodes)
[3772] processed 085039 (11 nodes)
[3773] processed 085040 (12 nodes)
[3774] processed 085041 (11 nodes)
[3775] processed 085290 (11 nodes)
[3776] processed 085291 (11 nodes)
[3777] processed 085307 (11 nodes)
[3778] processed 085308 (11 nodes)
[3779] processed 085309 (11 nodes)
[3780] processed 085310 (11 nodes)
[3781] processed 085311 (12 nodes)
[3782] processed 085317 (12 nodes)
[3783] processed 085318 (11 nodes)
[3784] processed 085343 (12 nodes)
[3785] processed 085346 (11 nodes)
[3786] processed 085347 (11 nodes)
[3787] processed 085400 (12 nodes)
[3788] processed 085419 (11 nodes)
[3789] processed 085420 (11 nodes)
[3790] processed 085421 (12 nodes)
[3791] processed 085422 (11 nodes)
[3792] processed 085423 (11 nodes)
[3793] processed 085424 (12 nodes)
[3794] processed 085425 (11 nodes)
[3795] processed 085426 (11 nodes)
[3796] processed 085427 (12 nodes)
[3797] processed 085428 (11 nodes)
[3798] processed 085436 (11 nodes)
[3799] processed 085438 (11 nodes)
[3800] processed 085482 (11 nodes)
[3801] processed 085484 (11 nodes)
[3802] processed 085485 (11 nodes)
[3803] processed 085486 (12 nodes)
[3804] processed 085487 (12 nodes)
[3805] processed 085488 (11 nodes)
[3806] processed 085489 (11 nodes)
[3807] processed 085490 (12 nodes)
[3808] processed 085491 (11 nodes)
[3809] processed 085492 (11 nodes)
[3810] processed 085494 (11 nodes)
[3811] processed 085592 (11 nodes)
[3812] processed 085593 (12 nodes)
[3813] processed 085594 (12 nodes)
[3814] processed 085595 (12 nodes)
[3815] processed 085596 (11 nodes)
[3816] processed 085598 (12 nodes)
[3817] processed 085599 (12 nodes)
[3818] processed 085600 (11 nodes)
[3819] processed 085691 (12 nodes)
[3820] processed 085692 (12 nodes)
[3821] processed 085693 (11 nodes)
[3822] processed 085787 (11 nodes)
[3823] processed 085788 (11 nodes)
[3824] processed 085791 (11 nodes)
[3825] processed 085792 (12 nodes)
[3826] processed 085816 (12 nodes)
[3827] processed 085817 (12 nodes)
[3828] processed 085822 (11 nodes)
[3829] processed 085823 (12 nodes)
[3830] processed 085828 (12 nodes)
[3831] processed 085831 (12 nodes)
[3832] processed 085832 (12 nodes)
[3833] processed 085833 (11 nodes)
[3834] processed 085834 (11 nodes)
[3835] processed 085835 (11 nodes)
[3836] processed 085836 (11 nodes)
[3837] processed 085837 (11 nodes)
[3838] processed 085838 (11 nodes)
[3839] processed 085839 (11 nodes)
[3840] processed 085840 (11 nodes)
[3841] processed 085950 (11 nodes)
[3842] processed 085951 (12 nodes)
[3843] processed 085952 (12 nodes)
[3844] processed 085953 (12 nodes)
[3845] processed 085954 (11 nodes)
[3846] processed 085955 (12 nodes)
[3847] processed 085956 (11 nodes)
[3848] processed 085957 (11 nodes)
[3849] processed 085963 (12 nodes)
[3850] processed 085966 (11 nodes)
[3851] processed 085967 (11 nodes)
[3852] processed 085968 (12 nodes)
[3853] processed 085973 (11 nodes)
[3854] processed 086037 (12 nodes)
[3855] processed 086038 (11 nodes)
[3856] processed 086039 (11 nodes)
[3857] processed 086040 (11 nodes)
[3858] processed 086077 (11 nodes)
[3859] processed 086081 (12 nodes)
[3860] processed 086082 (12 nodes)
[3861] processed 086116 (12 nodes)
[3862] processed 086117 (11 nodes)
[3863] processed 086118 (12 nodes)
[3864] processed 086119 (12 nodes)
[3865] processed 086140 (11 nodes)
[3866] processed 086256 (11 nodes)
[3867] processed 086259 (11 nodes)
[3868] processed 086262 (12 nodes)
[3869] processed 086263 (11 nodes)
[3870] processed 086415 (11 nodes)
[3871] processed 086416 (11 nodes)
[3872] processed 086417 (11 nodes)
[3873] processed 086419 (11 nodes)
[3874] processed 086441 (11 nodes)
[3875] processed 086443 (11 nodes)
[3876] processed 086481 (11 nodes)
[3877] processed 086482 (11 nodes)
[3878] processed 086483 (11 nodes)
[3879] processed 086484 (11 nodes)
[3880] processed 086485 (11 nodes)
[3881] processed 086486 (12 nodes)
[3882] processed 086487 (11 nodes)
[3883] processed 086562 (11 nodes)
[3884] processed 086576 (11 nodes)
[3885] processed 086623 (12 nodes)
[3886] processed 086634 (11 nodes)
[3887] processed 086678 (11 nodes)
[3888] processed 086679 (11 nodes)
[3889] processed 086680 (11 nodes)
[3890] processed 086720 (11 nodes)
[3891] processed 086721 (12 nodes)
[3892] processed 086724 (12 nodes)
[3893] processed 086725 (11 nodes)
[3894] processed 086730 (11 nodes)
[3895] processed 086761 (12 nodes)
[3896] processed 086762 (11 nodes)
[3897] processed 086763 (11 nodes)
[3898] processed 086788 (11 nodes)
[3899] processed 086793 (11 nodes)
[3900] processed 086795 (11 nodes)
[3901] processed 086799 (11 nodes)
[3902] processed 086993 (12 nodes)
[3903] processed 087068 (11 nodes)
[3904] processed 087069 (12 nodes)
[3905] processed 087070 (11 nodes)
[3906] processed 087096 (12 nodes)
[3907] processed 087097 (11 nodes)
[3908] processed 087098 (11 nodes)
[3909] processed 087099 (11 nodes)
[3910] processed 087100 (12 nodes)
[3911] processed 087101 (12 nodes)
[3912] processed 087102 (11 nodes)
[3913] processed 087103 (11 nodes)
[3914] processed 087104 (12 nodes)
[3915] processed 087105 (11 nodes)
[3916] processed 087106 (12 nodes)
[3917] processed 087107 (11 nodes)
[3918] processed 087108 (11 nodes)
[3919] processed 087121 (12 nodes)
[3920] processed 087151 (11 nodes)
[3921] processed 087152 (11 nodes)
[3922] processed 087153 (11 nodes)
[3923] processed 087154 (12 nodes)
[3924] processed 087155 (11 nodes)
[3925] processed 087157 (11 nodes)
[3926] processed 087158 (12 nodes)
[3927] processed 087159 (12 nodes)
[3928] processed 087160 (12 nodes)
[3929] processed 087161 (12 nodes)
[3930] processed 087185 (12 nodes)
[3931] processed 087186 (11 nodes)
[3932] processed 087187 (12 nodes)
[3933] processed 087188 (11 nodes)
[3934] processed 087189 (12 nodes)
[3935] processed 087190 (11 nodes)
[3936] processed 087191 (12 nodes)
[3937] processed 087192 (11 nodes)
[3938] processed 087193 (11 nodes)
[3939] processed 087194 (12 nodes)
[3940] processed 087237 (11 nodes)
[3941] processed 087322 (12 nodes)
[3942] processed 087323 (12 nodes)
[3943] processed 087324 (11 nodes)
[3944] processed 087325 (11 nodes)
[3945] processed 087361 (12 nodes)
[3946] processed 087362 (12 nodes)
[3947] processed 087363 (11 nodes)
[3948] processed 087377 (11 nodes)
[3949] processed 087430 (11 nodes)
[3950] processed 087431 (11 nodes)
[3951] processed 087490 (11 nodes)
[3952] processed 087639 (11 nodes)
[3953] processed 087641 (12 nodes)
[3954] processed 087642 (12 nodes)
[3955] processed 087643 (12 nodes)
[3956] processed 087644 (12 nodes)
[3957] processed 087645 (12 nodes)
[3958] processed 087965 (11 nodes)
[3959] processed 087966 (12 nodes)
[3960] processed 087967 (11 nodes)
[3961] processed 087968 (11 nodes)
[3962] processed 087971 (11 nodes)
[3963] processed 087972 (11 nodes)
[3964] processed 088428 (11 nodes)
[3965] processed 088429 (12 nodes)
[3966] processed 088485 (12 nodes)
[3967] processed 088486 (12 nodes)
[3968] processed 088846 (12 nodes)
[3969] processed 088848 (12 nodes)
[3970] processed 088854 (11 nodes)
[3971] processed 088856 (11 nodes)
[3972] processed 088858 (11 nodes)
[3973] processed 088860 (11 nodes)
[3974] processed 088861 (12 nodes)
[3975] processed 088863 (11 nodes)
[3976] processed 088864 (11 nodes)
[3977] processed 088867 (11 nodes)
[3978] processed 088868 (11 nodes)
[3979] processed 088869 (11 nodes)
[3980] processed 088870 (11 nodes)
[3981] processed 088871 (11 nodes)
[3982] processed 088872 (12 nodes)
[3983] processed 088873 (12 nodes)
[3984] processed 088874 (11 nodes)
[3985] processed 088875 (11 nodes)
[3986] processed 088876 (11 nodes)
[3987] processed 088877 (11 nodes)
[3988] processed 088878 (12 nodes)
[3989] processed 088879 (12 nodes)
[3990] processed 088892 (11 nodes)
[3991] processed 088899 (12 nodes)
[3992] processed 088900 (11 nodes)
[3993] processed 088959 (12 nodes)
[3994] processed 088960 (12 nodes)
[3995] processed 089178 (11 nodes)
[3996] processed 089179 (12 nodes)
[3997] processed 089192 (11 nodes)
[3998] processed 089195 (11 nodes)
[3999] processed 089196 (11 nodes)
[4000] processed 089212 (11 nodes)
[4001] processed 089350 (12 nodes)
[4002] processed 089376 (11 nodes)
[4003] processed 089441 (11 nodes)
[4004] processed 089445 (11 nodes)
[4005] processed 089447 (12 nodes)
[4006] processed 089456 (12 nodes)
[4007] processed 089473 (11 nodes)
[4008] processed 089474 (12 nodes)
[4009] processed 089477 (11 nodes)
[4010] processed 089482 (12 nodes)
[4011] processed 089484 (12 nodes)
[4012] processed 089485 (11 nodes)
[4013] processed 089486 (11 nodes)
[4014] processed 089639 (11 nodes)
[4015] processed 089704 (11 nodes)
[4016] processed 089814 (12 nodes)
[4017] processed 089815 (11 nodes)
[4018] processed 089816 (11 nodes)
[4019] processed 089817 (12 nodes)
[4020] processed 089841 (12 nodes)
[4021] processed 089843 (12 nodes)
[4022] processed 089846 (11 nodes)
[4023] processed 089847 (11 nodes)
[4024] processed 089848 (11 nodes)
[4025] processed 089857 (11 nodes)
[4026] processed 089859 (11 nodes)
[4027] processed 089860 (12 nodes)
[4028] processed 089991 (11 nodes)
[4029] processed 089992 (12 nodes)
[4030] processed 090027 (11 nodes)
[4031] processed 090074 (12 nodes)
[4032] processed 090278 (12 nodes)
[4033] processed 090526 (11 nodes)
[4034] processed 090527 (12 nodes)
[4035] processed 090529 (11 nodes)
[4036] processed 090530 (11 nodes)
[4037] processed 090570 (11 nodes)
[4038] processed 090579 (11 nodes)
[4039] processed 090582 (11 nodes)
[4040] processed 090583 (11 nodes)
[4041] processed 090587 (12 nodes)
[4042] processed 090589 (12 nodes)
[4043] processed 090590 (12 nodes)
[4044] processed 090591 (11 nodes)
[4045] processed 090592 (11 nodes)
[4046] processed 090616 (12 nodes)
[4047] processed 090617 (11 nodes)
[4048] processed 090618 (11 nodes)
[4049] processed 090625 (11 nodes)
[4050] processed 090639 (12 nodes)
[4051] processed 090652 (11 nodes)
[4052] processed 090695 (11 nodes)
[4053] processed 090804 (12 nodes)
[4054] processed 090824 (12 nodes)
[4055] processed 090826 (11 nodes)
[4056] processed 090828 (12 nodes)
[4057] processed 090982 (11 nodes)
[4058] processed 090987 (12 nodes)
[4059] processed 090993 (12 nodes)
[4060] processed 091081 (12 nodes)
[4061] processed 091082 (11 nodes)
[4062] processed 091083 (12 nodes)
[4063] processed 091084 (11 nodes)
[4064] processed 091085 (11 nodes)
[4065] processed 091086 (11 nodes)
[4066] processed 091087 (12 nodes)
[4067] processed 091088 (11 nodes)
[4068] processed 091089 (12 nodes)
[4069] processed 091092 (11 nodes)
[4070] processed 091093 (11 nodes)
[4071] processed 091098 (11 nodes)
[4072] processed 091102 (11 nodes)
[4073] processed 091130 (12 nodes)
[4074] processed 091157 (11 nodes)
[4075] processed 091158 (12 nodes)
[4076] processed 091159 (12 nodes)
[4077] processed 091160 (12 nodes)
[4078] processed 091161 (12 nodes)
[4079] processed 091162 (11 nodes)
[4080] processed 091163 (11 nodes)
[4081] processed 091164 (12 nodes)
[4082] processed 091170 (11 nodes)
[4083] processed 091177 (11 nodes)
[4084] processed 091178 (12 nodes)
[4085] processed 091179 (11 nodes)
[4086] processed 091181 (12 nodes)
[4087] processed 091182 (12 nodes)
[4088] processed 091183 (11 nodes)
[4089] processed 091184 (11 nodes)
[4090] processed 091185 (11 nodes)
[4091] processed 091186 (11 nodes)
[4092] processed 091187 (11 nodes)
[4093] processed 091205 (12 nodes)
[4094] processed 091228 (11 nodes)
[4095] processed 091238 (11 nodes)
[4096] processed 091306 (12 nodes)
[4097] processed 091309 (12 nodes)
[4098] processed 091312 (11 nodes)
[4099] processed 091315 (11 nodes)
[4100] processed 091317 (11 nodes)
[4101] processed 091318 (11 nodes)
[4102] processed 091319 (12 nodes)
[4103] processed 091329 (11 nodes)
[4104] processed 091349 (11 nodes)
[4105] processed 091443 (12 nodes)
[4106] processed 091455 (11 nodes)
[4107] processed 091458 (11 nodes)
[4108] processed 091459 (11 nodes)
[4109] processed 091468 (11 nodes)
[4110] processed 091471 (11 nodes)
[4111] processed 091619 (12 nodes)
[4112] processed 091620 (11 nodes)
[4113] processed 091621 (11 nodes)
[4114] processed 091622 (11 nodes)
[4115] processed 091623 (11 nodes)
[4116] processed 091624 (11 nodes)
[4117] processed 091625 (11 nodes)
[4118] processed 091755 (11 nodes)
[4119] processed 091788 (12 nodes)
[4120] processed 091790 (11 nodes)
[4121] processed 091791 (12 nodes)
[4122] processed 091793 (12 nodes)
[4123] processed 091796 (11 nodes)
[4124] processed 091797 (11 nodes)
[4125] processed 091851 (11 nodes)
[4126] processed 091868 (11 nodes)
[4127] processed 091869 (11 nodes)
[4128] processed 091894 (12 nodes)
[4129] processed 091897 (12 nodes)
[4130] processed 091899 (11 nodes)
[4131] processed 091900 (11 nodes)
[4132] processed 091933 (12 nodes)
[4133] processed 091934 (11 nodes)
[4134] processed 091936 (12 nodes)
[4135] processed 091937 (11 nodes)
[4136] processed 091938 (11 nodes)
[4137] processed 091958 (12 nodes)
[4138] processed 091960 (12 nodes)
[4139] processed 092124 (11 nodes)
[4140] processed 092125 (11 nodes)
[4141] processed 092129 (11 nodes)
[4142] processed 092130 (12 nodes)
[4143] processed 092131 (12 nodes)
[4144] processed 092206 (12 nodes)
[4145] processed 092275 (12 nodes)
[4146] processed 092282 (12 nodes)
[4147] processed 092283 (12 nodes)
[4148] processed 092284 (11 nodes)
[4149] processed 092292 (12 nodes)
[4150] processed 092366 (12 nodes)
[4151] processed 092466 (12 nodes)
[4152] processed 092508 (12 nodes)
[4153] processed 092535 (12 nodes)
[4154] processed 092536 (11 nodes)
[4155] processed 092538 (11 nodes)
[4156] processed 092539 (12 nodes)
[4157] processed 092540 (12 nodes)
[4158] processed 092546 (11 nodes)
[4159] processed 092548 (12 nodes)
[4160] processed 092549 (12 nodes)
[4161] processed 092551 (11 nodes)
[4162] processed 092554 (12 nodes)
[4163] processed 092556 (11 nodes)
[4164] processed 092561 (12 nodes)
[4165] processed 092562 (12 nodes)
[4166] processed 092564 (12 nodes)
[4167] processed 092565 (11 nodes)
[4168] processed 092573 (11 nodes)
[4169] processed 092574 (11 nodes)
[4170] processed 092868 (11 nodes)
[4171] processed 092872 (12 nodes)
[4172] processed 092873 (11 nodes)
[4173] processed 092874 (11 nodes)
[4174] processed 092878 (11 nodes)
[4175] processed 092881 (11 nodes)
[4176] processed 092885 (11 nodes)
[4177] processed 092886 (11 nodes)
[4178] processed 092887 (11 nodes)
[4179] processed 092888 (12 nodes)
[4180] processed 092889 (12 nodes)
[4181] processed 092947 (11 nodes)
[4182] processed 092948 (12 nodes)
[4183] processed 092949 (12 nodes)
[4184] processed 092950 (11 nodes)
[4185] processed 092951 (12 nodes)
[4186] processed 092952 (11 nodes)
[4187] processed 092953 (12 nodes)
[4188] processed 092954 (11 nodes)
[4189] processed 092955 (12 nodes)
[4190] processed 093074 (11 nodes)
[4191] processed 093075 (11 nodes)
[4192] processed 093076 (11 nodes)
[4193] processed 093363 (11 nodes)
[4194] processed 093364 (11 nodes)
[4195] processed 093518 (11 nodes)
[4196] processed 093519 (12 nodes)
[4197] processed 093520 (11 nodes)
[4198] processed 093521 (12 nodes)
[4199] processed 093522 (12 nodes)
[4200] processed 093523 (12 nodes)
[4201] processed 093704 (12 nodes)
[4202] processed 093710 (12 nodes)
[4203] processed 093712 (11 nodes)
[4204] processed 093716 (12 nodes)
[4205] processed 093727 (11 nodes)
[4206] processed 093867 (11 nodes)
[4207] processed 093868 (11 nodes)
[4208] processed 093915 (11 nodes)
[4209] processed 093917 (11 nodes)
[4210] processed 093918 (11 nodes)
[4211] processed 093919 (11 nodes)
[4212] processed 093920 (11 nodes)
[4213] processed 093921 (11 nodes)
[4214] processed 093940 (11 nodes)
[4215] processed 093941 (12 nodes)
[4216] processed 093942 (11 nodes)
[4217] processed 093943 (11 nodes)
[4218] processed 093944 (12 nodes)
[4219] processed 093950 (11 nodes)
[4220] processed 093956 (11 nodes)
[4221] processed 093981 (12 nodes)
[4222] processed 093983 (12 nodes)
[4223] processed 093985 (12 nodes)
[4224] processed 093986 (12 nodes)
[4225] processed 094026 (11 nodes)
[4226] processed 094033 (11 nodes)
[4227] processed 094034 (12 nodes)
[4228] processed 094035 (12 nodes)
[4229] processed 094036 (12 nodes)
[4230] processed 094037 (11 nodes)
[4231] processed 094038 (11 nodes)
[4232] processed 094039 (11 nodes)
[4233] processed 094093 (11 nodes)
[4234] processed 094099 (12 nodes)
[4235] processed 094101 (11 nodes)
[4236] processed 094102 (12 nodes)
[4237] processed 094263 (12 nodes)
[4238] processed 094348 (12 nodes)
[4239] processed 094411 (11 nodes)
[4240] processed 094414 (12 nodes)
[4241] processed 094415 (11 nodes)
[4242] processed 094419 (12 nodes)
[4243] processed 094422 (11 nodes)
[4244] processed 094423 (12 nodes)
[4245] processed 094426 (11 nodes)
[4246] processed 094449 (11 nodes)
[4247] processed 094465 (11 nodes)
[4248] processed 094467 (12 nodes)
[4249] processed 094468 (12 nodes)
[4250] processed 094628 (11 nodes)
[4251] processed 094630 (12 nodes)
[4252] processed 094631 (12 nodes)
[4253] processed 094632 (11 nodes)
[4254] processed 094634 (11 nodes)
[4255] processed 094635 (11 nodes)
[4256] processed 094638 (11 nodes)
[4257] processed 094803 (11 nodes)
[4258] processed 095189 (11 nodes)
[4259] processed 095231 (11 nodes)
[4260] processed 095248 (12 nodes)
[4261] processed 095249 (11 nodes)
[4262] processed 095250 (11 nodes)
[4263] processed 095251 (12 nodes)
[4264] processed 095308 (11 nodes)
[4265] processed 095309 (11 nodes)
[4266] processed 095310 (11 nodes)
[4267] processed 095452 (11 nodes)
[4268] processed 095486 (12 nodes)
[4269] processed 095506 (11 nodes)
[4270] processed 095535 (11 nodes)
[4271] processed 095564 (11 nodes)
[4272] processed 095722 (12 nodes)
[4273] processed 095724 (11 nodes)
[4274] processed 095725 (12 nodes)
[4275] processed 095726 (12 nodes)
[4276] processed 095727 (11 nodes)
[4277] processed 095908 (11 nodes)
[4278] processed 095910 (11 nodes)
[4279] processed 095911 (11 nodes)
[4280] processed 095912 (11 nodes)
[4281] processed 095914 (12 nodes)
[4282] processed 095915 (11 nodes)
[4283] processed 096166 (12 nodes)
[4284] processed 096167 (11 nodes)
[4285] processed 096168 (12 nodes)
[4286] processed 096169 (11 nodes)
[4287] processed 096399 (12 nodes)
[4288] processed 096400 (11 nodes)
[4289] processed 096401 (11 nodes)
[4290] processed 096402 (11 nodes)
[4291] processed 096403 (12 nodes)
[4292] processed 096408 (12 nodes)
[4293] processed 096560 (12 nodes)
[4294] processed 096627 (11 nodes)
[4295] processed 096657 (12 nodes)
[4296] processed 096675 (11 nodes)
[4297] processed 096678 (11 nodes)
[4298] processed 096692 (11 nodes)
[4299] processed 096693 (12 nodes)
[4300] processed 096694 (11 nodes)
[4301] processed 096695 (11 nodes)
[4302] processed 096696 (11 nodes)
[4303] processed 096697 (12 nodes)
[4304] processed 096698 (11 nodes)
[4305] processed 096699 (11 nodes)
[4306] processed 096718 (12 nodes)
[4307] processed 096726 (11 nodes)
[4308] processed 096728 (11 nodes)
[4309] processed 096729 (11 nodes)
[4310] processed 096730 (11 nodes)
[4311] processed 096731 (12 nodes)
[4312] processed 096738 (11 nodes)
[4313] processed 096742 (11 nodes)
[4314] processed 096743 (11 nodes)
[4315] processed 096759 (11 nodes)
[4316] processed 096898 (11 nodes)
[4317] processed 096900 (11 nodes)
[4318] processed 096901 (11 nodes)
[4319] processed 096902 (12 nodes)
[4320] processed 096935 (11 nodes)
[4321] processed 096936 (11 nodes)
[4322] processed 096944 (11 nodes)
[4323] processed 096945 (11 nodes)
[4324] processed 096946 (11 nodes)
[4325] processed 097037 (12 nodes)
[4326] processed 097041 (12 nodes)
[4327] processed 097043 (12 nodes)
[4328] processed 097211 (11 nodes)
[4329] processed 097215 (12 nodes)
[4330] processed 097216 (12 nodes)
[4331] processed 097279 (11 nodes)
[4332] processed 097283 (11 nodes)
[4333] processed 097285 (11 nodes)
[4334] processed 097286 (12 nodes)
[4335] processed 097373 (11 nodes)
[4336] processed 097374 (11 nodes)
[4337] processed 097393 (11 nodes)
[4338] processed 097404 (12 nodes)
[4339] processed 097406 (11 nodes)
[4340] processed 097407 (11 nodes)
[4341] processed 097424 (12 nodes)
[4342] processed 097540 (12 nodes)
[4343] processed 097542 (11 nodes)
[4344] processed 097544 (11 nodes)
[4345] processed 097545 (12 nodes)
[4346] processed 097547 (12 nodes)
[4347] processed 097548 (11 nodes)
[4348] processed 097568 (12 nodes)
[4349] processed 097569 (11 nodes)
[4350] processed 097570 (11 nodes)
[4351] processed 097585 (11 nodes)
[4352] processed 097586 (12 nodes)
[4353] processed 097587 (12 nodes)
[4354] processed 097588 (11 nodes)
[4355] processed 097589 (12 nodes)
[4356] processed 097590 (11 nodes)
[4357] processed 097690 (12 nodes)
[4358] processed 097691 (11 nodes)
[4359] processed 097692 (11 nodes)
[4360] processed 097697 (12 nodes)
[4361] processed 097793 (11 nodes)
[4362] processed 097794 (12 nodes)
[4363] processed 097813 (12 nodes)
[4364] processed 097814 (11 nodes)
[4365] processed 097841 (12 nodes)
[4366] processed 097844 (12 nodes)
[4367] processed 097845 (11 nodes)
[4368] processed 097846 (11 nodes)
[4369] processed 097847 (12 nodes)
[4370] processed 097848 (11 nodes)
[4371] processed 097886 (11 nodes)
[4372] processed 097887 (11 nodes)
[4373] processed 097894 (12 nodes)
[4374] processed 097940 (12 nodes)
[4375] processed 097958 (12 nodes)
[4376] processed 097959 (11 nodes)
[4377] processed 097960 (12 nodes)
[4378] processed 097961 (12 nodes)
[4379] processed 097962 (11 nodes)
[4380] processed 097980 (12 nodes)
[4381] processed 097986 (11 nodes)
[4382] processed 097987 (11 nodes)
[4383] processed 097988 (12 nodes)
[4384] processed 097989 (12 nodes)
[4385] processed 098025 (11 nodes)
[4386] processed 098026 (11 nodes)
[4387] processed 098028 (12 nodes)
[4388] processed 098031 (12 nodes)
[4389] processed 098077 (12 nodes)
[4390] processed 098202 (12 nodes)
[4391] processed 098203 (11 nodes)
[4392] processed 098204 (11 nodes)
[4393] processed 098205 (11 nodes)
[4394] processed 098206 (12 nodes)
[4395] processed 098227 (12 nodes)
[4396] processed 098228 (11 nodes)
[4397] processed 098229 (11 nodes)
[4398] processed 098235 (12 nodes)
[4399] processed 098236 (11 nodes)
[4400] processed 098237 (12 nodes)
[4401] processed 098238 (11 nodes)
[4402] processed 098251 (12 nodes)
[4403] processed 098297 (12 nodes)
[4404] processed 098298 (12 nodes)
[4405] processed 098299 (11 nodes)
[4406] processed 098300 (12 nodes)
[4407] processed 098301 (11 nodes)
[4408] processed 098302 (12 nodes)
[4409] processed 098339 (12 nodes)
[4410] processed 098346 (12 nodes)
[4411] processed 098348 (11 nodes)
[4412] processed 098349 (11 nodes)
[4413] processed 098547 (12 nodes)
[4414] processed 098548 (11 nodes)
[4415] processed 098549 (11 nodes)
[4416] processed 098550 (11 nodes)
[4417] processed 098551 (12 nodes)
[4418] processed 098552 (11 nodes)
[4419] processed 098553 (11 nodes)
[4420] processed 098554 (12 nodes)
[4421] processed 098555 (11 nodes)
[4422] processed 098556 (12 nodes)
[4423] processed 098557 (12 nodes)
[4427] processed 098573 (12 nodes)
[4428] processed 098574 (12 nodes)
[4429] processed 098575 (12 nodes)
[4430] processed 098576 (11 nodes)
[4431] processed 098577 (12 nodes)
[4432] processed 098578 (11 nodes)
[4433] processed 098579 (12 nodes)
[4434] processed 098580 (11 nodes)
[4435] processed 098581 (11 nodes)
[4436] processed 098582 (12 nodes)
[4437] processed 098583 (11 nodes)
[4438] processed 098584 (12 nodes)
[4439] processed 098585 (12 nodes)
[4440] processed 098613 (11 nodes)
[4441] processed 098617 (12 nodes)
[4442] processed 098618 (11 nodes)
[4443] processed 098619 (12 nodes)
[4444] processed 098620 (11 nodes)
[4445] processed 098621 (11 nodes)
[4446] processed 098622 (11 nodes)
[4447] processed 098623 (12 nodes)
[4448] processed 098624 (12 nodes)
[4449] processed 098625 (11 nodes)
[4450] processed 098626 (11 nodes)
[4451] processed 098627 (11 nodes)
[4452] processed 098628 (12 nodes)
[4453] processed 098655 (12 nodes)
[4454] processed 098656 (12 nodes)
[4455] processed 098657 (11 nodes)
[4456] processed 098666 (11 nodes)
[4457] processed 098667 (11 nodes)
[4458] processed 098668 (12 nodes)
[4459] processed 098669 (11 nodes)
[4460] processed 098670 (11 nodes)
[4461] processed 098671 (12 nodes)
[4462] processed 098680 (11 nodes)
[4463] processed 098681 (11 nodes)
[4464] processed 098701 (11 nodes)
[4465] processed 098770 (11 nodes)
[4466] processed 098838 (11 nodes)
[4467] processed 099041 (12 nodes)
[4468] processed 099093 (12 nodes)
[4469] processed 099095 (12 nodes)
[4470] processed 099096 (11 nodes)
[4472] processed 099135 (12 nodes)
[4473] processed 099214 (12 nodes)
[4474] processed 099260 (11 nodes)
[4475] processed 099261 (11 nodes)
[4476] processed 099274 (11 nodes)
[4477] processed 099311 (11 nodes)
[4478] processed 099313 (11 nodes)
[4479] processed 099345 (12 nodes)
[4480] processed 099361 (11 nodes)
[4481] processed 099362 (12 nodes)
[4482] processed 099363 (12 nodes)
[4483] processed 099364 (12 nodes)
[4484] processed 099368 (12 nodes)
[4485] processed 099369 (11 nodes)
[4486] processed 099370 (11 nodes)
[4487] processed 099371 (12 nodes)
[4488] processed 099372 (12 nodes)
[4489] processed 099373 (12 nodes)
[4490] processed 099374 (11 nodes)
[4491] processed 099375 (11 nodes)
[4492] processed 099389 (12 nodes)
[4493] processed 099390 (12 nodes)
[4494] processed 099391 (11 nodes)
[4495] processed 099392 (11 nodes)
[4496] processed 099393 (12 nodes)
[4497] processed 099394 (12 nodes)
[4498] processed 099395 (12 nodes)
[4499] processed 099411 (11 nodes)
[4500] processed 099419 (12 nodes)
[4501] processed 099436 (12 nodes)
[4502] processed 099437 (11 nodes)
[4503] processed 099438 (12 nodes)
[4504] processed 099439 (11 nodes)
[4505] processed 099440 (12 nodes)
[4506] processed 099441 (11 nodes)
[4507] processed 099442 (12 nodes)
[4508] processed 099501 (12 nodes)
[4509] processed 099703 (12 nodes)
[4510] processed 099704 (12 nodes)
[4511] processed 099707 (12 nodes)
[4512] processed 100478 (11 nodes)
[4513] processed 100479 (12 nodes)
[4514] processed 100480 (11 nodes)
[4515] processed 100497 (11 nodes)
[4516] processed 100522 (12 nodes)
[4517] processed 100535 (11 nodes)
[4518] processed 100536 (11 nodes)
[4519] processed 100544 (12 nodes)
[4520] processed 100549 (11 nodes)
[4521] processed 100550 (12 nodes)
[4522] processed 100552 (12 nodes)
[4523] processed 100745 (11 nodes)
[4524] processed 100799 (11 nodes)
[4525] processed 100802 (12 nodes)
[4526] processed 100835 (12 nodes)
[4527] processed 100949 (11 nodes)
[4528] processed 100958 (11 nodes)
[4529] processed 100959 (11 nodes)
[4530] processed 100972 (12 nodes)
[4531] processed 100973 (11 nodes)
[4532] processed 100975 (11 nodes)
[4533] processed 100976 (12 nodes)
[4534] processed 101111 (11 nodes)
[4535] processed 101112 (12 nodes)
[4536] processed 101116 (11 nodes)
[4537] processed 101118 (11 nodes)
[4538] processed 101119 (11 nodes)
[4539] processed 101864 (12 nodes)
[4540] processed 101868 (11 nodes)
[4541] processed 101873 (11 nodes)
[4542] processed 101893 (11 nodes)
[4543] processed 101951 (12 nodes)
[4544] processed 102092 (11 nodes)
[4545] processed 102112 (11 nodes)
[4546] processed 102114 (11 nodes)
[4547] processed 102195 (12 nodes)
[4548] processed 103518 (11 nodes)
[4549] processed 103519 (11 nodes)
[4550] processed 103520 (11 nodes)
[4551] processed 103521 (11 nodes)
[4552] processed 103522 (11 nodes)
[4553] processed 103523 (12 nodes)
[4554] processed 103600 (12 nodes)
[4555] processed 103800 (11 nodes)
[4556] processed 103808 (11 nodes)
[4557] processed 104008 (11 nodes)
[4558] processed 104009 (11 nodes)
[4559] processed 104010 (11 nodes)
[4560] processed 104062 (11 nodes)
[4561] processed 104063 (12 nodes)
[4562] processed 104064 (12 nodes)
[4563] processed 104065 (12 nodes)
[4564] processed 104066 (11 nodes)
[4565] processed 104067 (12 nodes)
[4566] processed 104068 (11 nodes)
[4567] processed 104086 (12 nodes)
[4568] processed 104227 (11 nodes)
[4569] processed 104276 (12 nodes)
[4570] processed 104277 (12 nodes)
[4571] processed 104278 (12 nodes)
[4572] processed 104279 (12 nodes)
[4573] processed 104282 (11 nodes)
[4574] processed 104283 (11 nodes)
[4575] processed 104284 (11 nodes)
[4576] processed 104356 (12 nodes)
[4577] processed 104357 (11 nodes)
[4578] processed 104434 (12 nodes)
[4579] processed 104625 (11 nodes)
[4580] processed 104668 (12 nodes)
[4581] processed 104724 (11 nodes)
[4582] processed 104725 (12 nodes)
[4583] processed 104779 (12 nodes)
[4584] processed 104780 (12 nodes)
[4585] processed 105022 (11 nodes)
[4586] processed 105119 (11 nodes)
[4587] processed 105141 (11 nodes)
[4588] processed 105142 (11 nodes)
[4589] processed 105144 (11 nodes)
[4590] processed 105145 (11 nodes)
[4591] processed 105196 (12 nodes)
[4592] processed 105408 (12 nodes)
[4593] processed 105411 (12 nodes)
[4594] processed 105412 (11 nodes)
[4595] processed 105413 (12 nodes)
[4596] processed 105414 (11 nodes)
[4597] processed 105443 (12 nodes)
[4598] processed 105450 (12 nodes)
[4599] processed 105451 (11 nodes)
[4600] processed 105662 (12 nodes)
[4601] processed 105664 (11 nodes)
[4602] processed 105670 (12 nodes)
[4603] processed 105671 (12 nodes)
[4604] processed 105672 (11 nodes)
[4605] processed 105673 (11 nodes)
[4606] processed 105674 (11 nodes)
[4607] processed 105682 (11 nodes)
[4608] processed 105683 (12 nodes)
[4609] processed 105685 (12 nodes)
[4610] processed 105712 (11 nodes)
[4611] processed 105713 (11 nodes)
[4612] processed 105714 (11 nodes)
[4613] processed 105715 (11 nodes)
[4614] processed 105716 (11 nodes)
[4615] processed 105717 (12 nodes)
[4616] processed 105718 (11 nodes)
[4617] processed 105719 (12 nodes)
[4618] processed 105720 (12 nodes)
[4619] processed 105722 (12 nodes)
[4620] processed 105824 (12 nodes)
[4621] processed 105825 (11 nodes)
[4622] processed 105826 (12 nodes)
[4623] processed 105827 (12 nodes)
[4624] processed 105887 (11 nodes)
[4625] processed 105890 (11 nodes)
[4626] processed 105912 (12 nodes)
[4627] processed 105914 (12 nodes)
[4628] processed 105915 (12 nodes)
[4629] processed 105916 (11 nodes)
[4630] processed 105917 (11 nodes)
[4631] processed 105918 (11 nodes)
[4632] processed 105919 (12 nodes)
[4633] processed 105920 (12 nodes)
[4634] processed 106274 (12 nodes)
[4635] processed 106277 (12 nodes)
[4636] processed 106339 (11 nodes)
[4637] processed 106342 (12 nodes)
[4638] processed 106343 (11 nodes)
[4639] processed 106456 (11 nodes)
[4640] processed 106457 (11 nodes)
[4641] processed 106458 (12 nodes)
[4642] processed 106463 (11 nodes)
[4643] processed 106465 (12 nodes)
[4644] processed 106502 (11 nodes)
[4645] processed 106522 (11 nodes)
[4646] processed 106562 (12 nodes)
[4647] processed 106563 (12 nodes)
[4648] processed 106564 (12 nodes)
[4649] processed 106566 (12 nodes)
[4650] processed 106567 (12 nodes)
[4651] processed 106568 (12 nodes)
[4652] processed 106569 (12 nodes)
[4653] processed 106570 (11 nodes)
[4654] processed 106571 (11 nodes)
[4655] processed 106629 (12 nodes)
[4656] processed 106872 (11 nodes)
[4657] processed 106876 (11 nodes)
[4658] processed 106877 (11 nodes)
[4659] processed 106937 (11 nodes)
[4660] processed 106948 (11 nodes)
[4661] processed 106951 (11 nodes)
[4662] processed 106952 (11 nodes)
[4663] processed 106953 (11 nodes)
[4664] processed 106954 (12 nodes)
[4665] processed 106955 (11 nodes)
[4666] processed 106956 (12 nodes)
[4667] processed 107020 (12 nodes)
[4668] processed 107021 (11 nodes)
[4669] processed 107025 (12 nodes)
[4670] processed 107027 (12 nodes)
[4671] processed 107028 (11 nodes)
[4672] processed 107029 (11 nodes)
[4673] processed 107030 (11 nodes)
[4674] processed 107031 (11 nodes)
[4675] processed 107046 (11 nodes)
[4676] processed 107047 (12 nodes)
[4677] processed 107048 (11 nodes)
[4678] processed 107049 (11 nodes)
[4679] processed 107050 (12 nodes)
[4680] processed 107101 (11 nodes)
[4681] processed 107125 (11 nodes)
[4682] processed 107126 (11 nodes)
[4683] processed 107127 (11 nodes)
[4684] processed 107128 (11 nodes)
[4685] processed 107129 (12 nodes)
[4686] processed 107178 (11 nodes)
[4687] processed 107179 (12 nodes)
[4688] processed 107180 (11 nodes)
[4689] processed 107181 (11 nodes)
[4690] processed 107182 (11 nodes)
[4691] processed 107183 (11 nodes)
[4692] processed 107184 (12 nodes)
[4693] processed 107185 (12 nodes)
[4694] processed 107186 (11 nodes)
[4695] processed 107187 (11 nodes)
[4696] processed 107188 (11 nodes)
[4697] processed 107189 (11 nodes)
[4698] processed 107248 (12 nodes)
[4699] processed 107249 (12 nodes)
[4700] processed 107250 (11 nodes)
[4701] processed 107251 (11 nodes)
[4702] processed 107256 (12 nodes)
[4703] processed 107257 (11 nodes)
[4704] processed 107388 (12 nodes)
[4705] processed 107389 (11 nodes)
[4706] processed 107390 (12 nodes)
[4707] processed 107391 (11 nodes)
[4708] processed 107425 (12 nodes)
[4709] processed 107426 (12 nodes)
[4710] processed 107427 (11 nodes)
[4711] processed 107429 (11 nodes)
[4712] processed 107432 (12 nodes)
[4713] processed 107433 (11 nodes)
[4714] processed 107434 (12 nodes)
[4715] processed 107435 (12 nodes)
[4716] processed 107476 (11 nodes)
[4717] processed 107506 (11 nodes)
[4718] processed 107531 (11 nodes)
[4719] processed 107532 (11 nodes)
[4720] processed 107533 (12 nodes)
[4721] processed 107534 (12 nodes)
[4722] processed 107535 (12 nodes)
[4723] processed 107567 (11 nodes)
[4724] processed 107569 (12 nodes)
[4725] processed 107571 (11 nodes)
[4726] processed 107574 (12 nodes)
[4727] processed 107577 (11 nodes)
[4728] processed 107578 (11 nodes)
[4729] processed 107579 (11 nodes)
[4730] processed 107583 (12 nodes)
[4731] processed 107584 (12 nodes)
[4732] processed 107588 (12 nodes)
[4733] processed 107589 (11 nodes)
[4734] processed 107590 (11 nodes)
[4735] processed 107591 (11 nodes)
[4736] processed 107592 (11 nodes)
[4737] processed 107593 (11 nodes)
[4738] processed 107594 (11 nodes)
[4739] processed 107595 (11 nodes)
[4740] processed 107596 (12 nodes)
[4741] processed 107597 (12 nodes)
[4742] processed 107598 (11 nodes)
[4743] processed 107613 (11 nodes)
[4744] processed 107616 (11 nodes)
[4745] processed 107617 (12 nodes)
[4746] processed 107659 (12 nodes)
[4747] processed 107799 (11 nodes)
[4748] processed 107804 (11 nodes)
[4749] processed 107805 (12 nodes)
[4750] processed 107809 (12 nodes)
[4751] processed 107810 (12 nodes)
[4752] processed 107850 (11 nodes)
[4753] processed 107851 (12 nodes)
[4754] processed 107852 (12 nodes)
[4755] processed 107908 (12 nodes)
[4756] processed 107909 (12 nodes)
[4757] processed 107910 (11 nodes)
[4758] processed 107911 (11 nodes)
[4759] processed 107912 (12 nodes)
[4760] processed 107913 (11 nodes)
[4761] processed 107949 (11 nodes)
[4762] processed 107950 (12 nodes)
[4763] processed 107951 (12 nodes)
[4764] processed 107952 (11 nodes)
[4765] processed 107953 (11 nodes)
[4766] processed 107954 (11 nodes)
[4767] processed 107955 (11 nodes)
[4768] processed 107956 (12 nodes)
[4769] processed 107957 (12 nodes)
[4770] processed 108012 (11 nodes)
[4771] processed 108014 (12 nodes)
[4772] processed 108015 (12 nodes)
[4773] processed 108016 (11 nodes)
[4774] processed 108017 (12 nodes)
[4775] processed 108018 (11 nodes)
[4776] processed 108019 (11 nodes)
[4777] processed 108020 (11 nodes)
[4778] processed 108021 (12 nodes)
[4779] processed 108022 (12 nodes)
[4780] processed 108023 (11 nodes)
[4781] processed 108024 (12 nodes)
[4782] processed 108025 (11 nodes)
[4783] processed 108026 (12 nodes)
[4784] processed 108027 (11 nodes)
[4785] processed 108031 (11 nodes)
[4786] processed 108036 (11 nodes)
[4787] processed 108037 (12 nodes)
[4788] processed 108038 (11 nodes)
[4789] processed 108049 (12 nodes)
[4790] processed 108050 (12 nodes)
[4791] processed 108059 (11 nodes)
[4792] processed 108060 (12 nodes)
[4793] processed 108079 (12 nodes)
[4794] processed 108155 (11 nodes)
[4795] processed 108230 (12 nodes)
[4796] processed 108290 (11 nodes)
[4797] processed 108297 (11 nodes)
[4798] processed 108298 (11 nodes)
[4799] processed 108299 (12 nodes)
[4800] processed 108300 (11 nodes)
[4801] processed 108301 (11 nodes)
[4802] processed 108302 (12 nodes)
[4803] processed 108303 (11 nodes)
[4804] processed 108304 (11 nodes)
[4805] processed 108305 (12 nodes)
[4806] processed 108306 (11 nodes)
[4807] processed 108307 (12 nodes)
[4808] processed 108308 (11 nodes)
[4809] processed 108313 (11 nodes)
[4810] processed 108314 (12 nodes)
[4811] processed 108318 (11 nodes)
[4812] processed 108319 (11 nodes)
[4813] processed 108339 (12 nodes)
[4814] processed 108341 (11 nodes)
[4815] processed 108342 (12 nodes)
[4816] processed 108343 (11 nodes)
[4817] processed 108415 (11 nodes)
[4818] processed 108416 (12 nodes)
[4819] processed 108418 (11 nodes)
[4820] processed 108420 (11 nodes)
[4821] processed 108421 (11 nodes)
[4822] processed 108422 (12 nodes)
[4823] processed 108423 (12 nodes)
[4824] processed 108425 (11 nodes)
[4825] processed 108426 (12 nodes)
[4826] processed 108427 (12 nodes)
[4827] processed 108428 (11 nodes)
[4828] processed 108429 (11 nodes)
[4829] processed 108456 (11 nodes)
[4830] processed 108457 (12 nodes)
[4831] processed 108459 (11 nodes)
[4832] processed 108460 (11 nodes)
[4833] processed 108461 (12 nodes)
[4834] processed 108464 (11 nodes)
[4835] processed 108471 (12 nodes)
[4836] processed 108472 (12 nodes)
[4837] processed 108473 (11 nodes)
[4838] processed 108474 (11 nodes)
[4839] processed 108475 (12 nodes)
[4840] processed 108476 (11 nodes)
[4841] processed 108477 (11 nodes)
[4842] processed 108478 (12 nodes)
[4843] processed 108487 (11 nodes)
[4844] processed 108488 (11 nodes)
[4845] processed 108489 (11 nodes)
[4846] processed 108490 (11 nodes)
[4847] processed 108491 (11 nodes)
[4848] processed 108492 (11 nodes)
[4849] processed 108493 (11 nodes)
[4850] processed 108494 (11 nodes)
[4851] processed 108495 (11 nodes)
[4852] processed 108496 (11 nodes)
[4853] processed 108497 (11 nodes)
[4854] processed 108498 (11 nodes)
[4855] processed 108499 (11 nodes)
[4856] processed 108500 (11 nodes)
[4857] processed 108501 (11 nodes)
[4858] processed 108502 (12 nodes)
[4859] processed 108503 (12 nodes)
[4860] processed 108504 (11 nodes)
[4861] processed 108505 (12 nodes)
[4862] processed 108524 (12 nodes)
[4863] processed 108525 (11 nodes)
[4864] processed 108526 (12 nodes)
[4865] processed 108527 (11 nodes)
[4866] processed 108528 (12 nodes)
[4867] processed 108529 (11 nodes)
[4868] processed 108530 (11 nodes)
[4869] processed 108531 (12 nodes)
[4870] processed 108532 (11 nodes)
[4871] processed 108533 (11 nodes)
[4872] processed 108745 (12 nodes)
[4873] processed 108774 (12 nodes)
[4874] processed 108799 (11 nodes)
[4875] processed 108808 (11 nodes)
[4876] processed 108809 (12 nodes)
[4877] processed 108812 (11 nodes)
[4878] processed 108836 (12 nodes)
[4879] processed 108837 (11 nodes)
[4880] processed 108838 (12 nodes)
[4881] processed 108839 (11 nodes)
[4882] processed 108840 (11 nodes)
[4883] processed 108841 (11 nodes)
[4884] processed 108842 (12 nodes)
[4885] processed 108843 (11 nodes)
[4886] processed 108845 (12 nodes)
[4887] processed 108846 (12 nodes)
[4888] processed 108847 (11 nodes)
[4889] processed 108863 (12 nodes)
[4890] processed 108864 (11 nodes)
[4891] processed 108865 (11 nodes)
[4892] processed 108866 (12 nodes)
[4893] processed 108867 (11 nodes)
[4894] processed 108868 (12 nodes)
[4895] processed 108878 (11 nodes)
[4896] processed 108879 (12 nodes)
[4897] processed 108880 (12 nodes)
[4898] processed 108881 (12 nodes)
[4899] processed 108882 (12 nodes)
[4900] processed 108883 (11 nodes)
[4901] processed 108884 (11 nodes)
[4902] processed 108885 (11 nodes)
[4903] processed 108906 (11 nodes)
[4905] processed 108957 (12 nodes)
[4906] processed 108961 (12 nodes)
[4907] processed 108962 (12 nodes)
[4908] processed 108967 (11 nodes)
[4909] processed 108968 (11 nodes)
[4910] processed 108969 (11 nodes)
[4911] processed 108970 (11 nodes)
[4912] processed 108992 (12 nodes)
[4913] processed 109068 (12 nodes)
[4914] processed 109071 (12 nodes)
[4915] processed 109072 (12 nodes)
[4916] processed 109106 (11 nodes)
[4917] processed 109144 (12 nodes)
[4918] processed 109189 (11 nodes)
[4919] processed 109191 (11 nodes)
[4920] processed 109203 (11 nodes)
[4921] processed 109235 (11 nodes)
[4922] processed 109276 (11 nodes)
[4923] processed 109349 (11 nodes)
[4924] processed 109350 (12 nodes)
[4925] processed 109355 (12 nodes)
[4926] processed 109356 (12 nodes)
[4927] processed 109357 (11 nodes)
[4928] processed 109445 (12 nodes)
[4929] processed 109446 (11 nodes)
[4930] processed 109447 (11 nodes)
[4931] processed 109448 (12 nodes)
[4932] processed 109449 (11 nodes)
[4933] processed 109450 (12 nodes)
[4934] processed 109468 (11 nodes)
[4935] processed 109480 (12 nodes)
[4936] processed 109481 (11 nodes)
[4937] processed 109497 (11 nodes)
[4938] processed 109535 (11 nodes)
[4939] processed 109537 (11 nodes)
[4940] processed 109538 (12 nodes)
[4941] processed 109542 (11 nodes)
[4942] processed 109543 (11 nodes)
[4943] processed 109548 (12 nodes)
[4944] processed 109670 (12 nodes)
[4945] processed 109681 (12 nodes)
[4946] processed 109684 (11 nodes)
[4947] processed 109685 (11 nodes)
[4948] processed 109686 (11 nodes)
[4949] processed 109687 (12 nodes)
[4950] processed 109711 (11 nodes)
[4951] processed 109712 (11 nodes)
[4952] processed 109896 (12 nodes)
[4953] processed 109900 (12 nodes)
[4954] processed 109901 (11 nodes)
[4955] processed 109902 (11 nodes)
[4956] processed 109903 (12 nodes)
[4957] processed 109904 (11 nodes)
[4958] processed 109905 (11 nodes)
[4959] processed 109906 (12 nodes)
[4960] processed 109925 (12 nodes)
[4961] processed 109957 (12 nodes)
[4962] processed 109958 (12 nodes)
[4963] processed 109960 (12 nodes)
[4964] processed 109962 (11 nodes)
[4965] processed 109963 (12 nodes)
[4966] processed 109971 (11 nodes)
[4967] processed 109972 (11 nodes)
[4968] processed 109973 (11 nodes)
[4969] processed 109974 (11 nodes)
[4970] processed 109975 (11 nodes)
[4971] processed 109976 (11 nodes)
[4972] processed 109977 (11 nodes)
[4973] processed 109978 (12 nodes)
[4974] processed 110070 (11 nodes)
[4975] processed 110082 (12 nodes)
[4976] processed 110084 (11 nodes)
[4977] processed 110085 (12 nodes)
[4978] processed 110086 (12 nodes)
[4979] processed 110102 (12 nodes)
[4980] processed 110103 (11 nodes)
[4981] processed 110104 (12 nodes)
[4982] processed 110105 (11 nodes)
[4983] processed 110106 (11 nodes)
[4984] processed 110107 (12 nodes)
[4985] processed 110108 (12 nodes)
[4986] processed 110109 (11 nodes)
[4987] processed 110110 (11 nodes)
[4988] processed 110111 (12 nodes)
[4989] processed 110166 (11 nodes)
[4990] processed 110167 (11 nodes)
[4991] processed 110171 (11 nodes)
[4992] processed 110172 (11 nodes)
[4993] processed 110204 (11 nodes)
[4994] processed 110205 (11 nodes)
[4995] processed 110206 (11 nodes)
[4996] processed 110207 (12 nodes)
[4997] processed 110208 (11 nodes)
[4998] processed 110209 (12 nodes)
[4999] processed 110230 (11 nodes)
[5000] processed 110259 (11 nodes)
[5001] processed 110260 (11 nodes)
[5002] processed 110261 (12 nodes)
[5003] processed 110262 (12 nodes)
[5004] processed 110263 (12 nodes)
[5005] processed 110264 (12 nodes)
[5006] processed 110265 (11 nodes)
[5007] processed 110266 (12 nodes)
[5008] processed 110267 (11 nodes)
[5009] processed 110274 (11 nodes)
[5010] processed 110384 (12 nodes)
[5011] processed 110410 (12 nodes)
[5012] processed 110417 (11 nodes)
[5013] processed 110436 (11 nodes)
[5014] processed 110437 (11 nodes)
[5015] processed 110438 (11 nodes)
[5016] processed 110439 (11 nodes)
[5017] processed 110440 (12 nodes)
[5018] processed 110441 (12 nodes)
[5019] processed 110447 (11 nodes)
[5020] processed 110448 (12 nodes)
[5021] processed 110449 (11 nodes)
[5022] processed 110450 (11 nodes)
[5023] processed 110451 (12 nodes)
[5024] processed 110452 (12 nodes)
[5025] processed 110546 (12 nodes)
[5026] processed 110610 (11 nodes)
[5027] processed 110611 (12 nodes)
[5028] processed 110623 (12 nodes)
[5029] processed 110629 (12 nodes)
[5030] processed 110630 (11 nodes)
[5031] processed 110634 (11 nodes)
[5032] processed 110636 (11 nodes)
[5033] processed 110637 (12 nodes)
[5034] processed 110647 (11 nodes)
[5035] processed 110648 (12 nodes)
[5036] processed 110649 (11 nodes)
[5037] processed 110650 (11 nodes)
[5038] processed 110651 (11 nodes)
[5039] processed 110652 (12 nodes)
[5040] processed 110653 (12 nodes)
[5041] processed 110654 (11 nodes)
[5042] processed 110681 (12 nodes)
[5043] processed 110684 (11 nodes)
[5044] processed 110687 (11 nodes)
[5045] processed 110688 (12 nodes)
[5046] processed 110689 (11 nodes)
[5047] processed 110690 (11 nodes)
[5048] processed 110691 (12 nodes)
[5049] processed 110711 (11 nodes)
[5050] processed 110735 (12 nodes)
[5051] processed 110736 (11 nodes)
[5052] processed 110743 (12 nodes)
[5053] processed 110744 (12 nodes)
[5054] processed 110756 (12 nodes)
[5055] processed 110764 (12 nodes)
[5056] processed 110765 (11 nodes)
[5057] processed 110768 (11 nodes)
[5058] processed 110771 (12 nodes)
[5059] processed 110772 (12 nodes)
[5060] processed 110774 (12 nodes)
[5061] processed 110775 (11 nodes)
[5062] processed 110776 (11 nodes)
[5063] processed 110777 (11 nodes)
[5064] processed 110778 (11 nodes)
[5065] processed 110779 (11 nodes)
[5066] processed 110923 (12 nodes)
[5067] processed 110927 (11 nodes)
[5068] processed 110928 (11 nodes)
[5069] processed 110980 (11 nodes)
[5070] processed 110982 (12 nodes)
[5071] processed 110983 (11 nodes)
[5072] processed 110985 (11 nodes)
[5073] processed 111015 (11 nodes)
[5074] processed 111146 (12 nodes)
[5075] processed 111147 (12 nodes)
[5076] processed 111148 (11 nodes)
[5077] processed 111149 (11 nodes)
[5078] processed 111150 (11 nodes)
[5079] processed 111151 (11 nodes)
[5080] processed 111153 (11 nodes)
[5081] processed 111154 (11 nodes)
[5082] processed 111182 (11 nodes)
[5083] processed 111186 (12 nodes)
[5084] processed 111187 (12 nodes)
[5085] processed 111188 (11 nodes)
[5086] processed 111216 (11 nodes)
[5087] processed 111220 (12 nodes)
[5088] processed 111221 (11 nodes)
[5089] processed 111222 (12 nodes)
[5090] processed 111223 (12 nodes)
[5091] processed 111224 (12 nodes)
[5092] processed 111225 (11 nodes)
[5093] processed 111226 (12 nodes)
[5094] processed 111227 (11 nodes)
[5095] processed 111228 (11 nodes)
[5096] processed 111229 (12 nodes)
[5097] processed 111230 (11 nodes)
[5098] processed 111306 (11 nodes)
[5099] processed 111311 (12 nodes)
[5100] processed 111335 (11 nodes)
[5101] processed 111367 (12 nodes)
[5102] processed 111368 (11 nodes)
[5103] processed 111371 (11 nodes)
[5104] processed 111372 (11 nodes)
[5105] processed 111375 (11 nodes)
[5106] processed 111376 (12 nodes)
[5107] processed 111377 (12 nodes)
[5108] processed 111378 (11 nodes)
[5109] processed 111379 (12 nodes)
[5110] processed 111382 (11 nodes)
[5111] processed 111385 (11 nodes)
[5112] processed 111386 (11 nodes)
[5113] processed 111387 (11 nodes)
[5114] processed 111388 (11 nodes)
[5115] processed 111389 (12 nodes)
[5116] processed 111390 (11 nodes)
[5117] processed 111391 (11 nodes)
[5118] processed 111392 (12 nodes)
[5119] processed 111393 (11 nodes)
[5120] processed 111394 (11 nodes)
[5121] processed 111395 (12 nodes)
[5122] processed 111396 (11 nodes)
[5123] processed 111397 (12 nodes)
[5124] processed 111398 (11 nodes)
[5125] processed 111399 (12 nodes)
[5126] processed 111400 (11 nodes)
[5127] processed 111401 (12 nodes)
[5128] processed 111402 (12 nodes)
[5129] processed 111413 (11 nodes)
[5130] processed 111416 (11 nodes)
[5131] processed 111460 (12 nodes)
[5132] processed 111579 (11 nodes)
[5133] processed 111658 (12 nodes)
[5134] processed 111747 (11 nodes)
[5135] processed 111793 (11 nodes)
[5136] processed 111819 (11 nodes)
[5137] processed 111871 (11 nodes)
[5138] processed 111872 (11 nodes)
[5139] processed 111873 (12 nodes)
[5140] processed 111911 (12 nodes)
[5141] processed 111933 (11 nodes)
[5142] processed 111934 (12 nodes)
[5143] processed 111935 (11 nodes)
[5144] processed 111936 (12 nodes)
[5145] processed 111937 (11 nodes)
[5146] processed 111938 (12 nodes)
[5147] processed 111974 (12 nodes)
[5148] processed 111982 (11 nodes)
[5149] processed 111994 (12 nodes)
[5150] processed 112000 (12 nodes)
[5151] processed 112001 (12 nodes)
[5152] processed 112020 (11 nodes)
[5153] processed 112065 (11 nodes)
[5154] processed 112066 (11 nodes)
[5155] processed 112088 (12 nodes)
[5156] processed 112133 (12 nodes)
[5157] processed 112196 (11 nodes)
[5158] processed 112197 (11 nodes)
[5159] processed 112198 (11 nodes)
[5160] processed 112199 (12 nodes)
[5161] processed 112209 (12 nodes)
[5162] processed 112210 (12 nodes)
[5163] processed 112211 (11 nodes)
[5164] processed 112215 (11 nodes)
[5165] processed 112252 (12 nodes)
[5166] processed 112314 (11 nodes)
[5167] processed 112315 (12 nodes)
[5168] processed 112316 (11 nodes)
[5169] processed 112317 (11 nodes)
[5170] processed 112318 (11 nodes)
[5171] processed 112468 (12 nodes)
[5172] processed 112481 (11 nodes)
[5173] processed 112483 (11 nodes)
[5174] processed 112484 (11 nodes)
[5175] processed 112485 (11 nodes)
[5176] processed 112486 (12 nodes)
[5177] processed 112487 (11 nodes)
[5178] processed 112488 (12 nodes)
[5179] processed 112490 (11 nodes)
[5180] processed 112526 (11 nodes)
[5181] processed 112527 (11 nodes)
[5182] processed 112528 (12 nodes)
[5183] processed 112529 (11 nodes)
[5184] processed 112583 (12 nodes)
[5185] processed 112584 (11 nodes)
[5186] processed 112585 (12 nodes)
[5187] processed 112586 (11 nodes)
[5188] processed 112587 (12 nodes)
[5189] processed 112588 (11 nodes)
[5190] processed 112668 (11 nodes)
[5191] processed 112733 (12 nodes)
[5192] processed 112734 (11 nodes)
[5193] processed 112735 (12 nodes)
[5194] processed 112767 (11 nodes)
[5195] processed 112768 (11 nodes)
[5196] processed 112769 (11 nodes)
[5197] processed 112770 (12 nodes)
[5198] processed 112780 (12 nodes)
[5199] processed 112781 (11 nodes)
[5200] processed 112785 (12 nodes)
[5201] processed 112788 (12 nodes)
[5202] processed 112789 (12 nodes)
[5203] processed 112790 (11 nodes)
[5204] processed 112821 (12 nodes)
[5205] processed 112975 (11 nodes)
[5206] processed 112976 (11 nodes)
[5207] processed 112977 (12 nodes)
[5208] processed 112978 (12 nodes)
[5209] processed 113016 (11 nodes)
[5210] processed 113017 (11 nodes)
[5211] processed 113018 (12 nodes)
[5212] processed 113019 (12 nodes)
[5213] processed 113020 (12 nodes)
[5214] processed 113021 (12 nodes)
[5215] processed 113022 (11 nodes)
[5216] processed 113023 (11 nodes)
[5217] processed 113024 (11 nodes)
[5218] processed 113025 (12 nodes)
[5219] processed 113026 (11 nodes)
[5220] processed 113027 (12 nodes)
[5221] processed 113028 (11 nodes)
[5222] processed 113030 (11 nodes)
[5223] processed 113031 (12 nodes)
[5224] processed 113032 (11 nodes)
[5225] processed 113033 (11 nodes)
[5226] processed 113034 (12 nodes)
[5227] processed 113035 (12 nodes)
[5228] processed 113036 (12 nodes)
[5229] processed 113037 (11 nodes)
[5230] processed 113063 (11 nodes)
[5231] processed 113110 (11 nodes)
[5232] processed 113164 (12 nodes)
[5233] processed 113165 (11 nodes)
[5234] processed 113166 (12 nodes)
[5235] processed 113167 (12 nodes)
[5236] processed 113203 (12 nodes)
[5237] processed 113259 (11 nodes)
[5238] processed 113260 (12 nodes)
[5239] processed 113261 (11 nodes)
[5240] processed 113262 (12 nodes)
[5241] processed 113263 (11 nodes)
[5242] processed 113264 (11 nodes)
[5243] processed 113265 (11 nodes)
[5244] processed 113266 (11 nodes)
[5245] processed 113267 (11 nodes)
[5246] processed 113268 (12 nodes)
[5247] processed 113269 (11 nodes)
[5248] processed 113270 (12 nodes)
[5249] processed 113271 (12 nodes)
[5250] processed 113272 (12 nodes)
[5251] processed 113273 (11 nodes)
[5252] processed 113274 (11 nodes)
[5253] processed 113275 (11 nodes)
[5254] processed 113276 (12 nodes)
[5255] processed 113277 (11 nodes)
[5256] processed 113278 (11 nodes)
[5257] processed 113279 (12 nodes)
[5258] processed 113280 (12 nodes)
[5259] processed 113281 (11 nodes)
[5260] processed 113282 (11 nodes)
[5261] processed 113284 (11 nodes)
[5262] processed 113294 (12 nodes)
[5263] processed 113303 (11 nodes)
[5264] processed 113304 (12 nodes)
[5265] processed 113305 (12 nodes)
[5266] processed 113311 (11 nodes)
[5267] processed 113334 (12 nodes)
[5268] processed 113335 (12 nodes)
[5269] processed 113336 (11 nodes)
[5270] processed 113342 (11 nodes)
[5271] processed 113343 (11 nodes)
[5272] processed 113344 (12 nodes)
[5273] processed 113357 (11 nodes)
[5274] processed 113359 (11 nodes)
[5275] processed 113360 (11 nodes)
[5276] processed 113453 (12 nodes)
[5277] processed 113511 (12 nodes)
[5278] processed 113512 (11 nodes)
[5279] processed 113513 (11 nodes)
[5280] processed 113530 (12 nodes)
[5281] processed 113558 (11 nodes)
[5282] processed 113564 (11 nodes)
[5283] processed 113574 (12 nodes)
[5284] processed 113696 (12 nodes)
[5285] processed 113697 (11 nodes)
[5286] processed 113698 (12 nodes)
[5287] processed 113699 (11 nodes)
[5288] processed 113700 (11 nodes)
[5289] processed 113701 (12 nodes)
[5290] processed 113702 (12 nodes)
[5291] processed 113787 (12 nodes)
[5292] processed 113788 (12 nodes)
[5293] processed 113789 (12 nodes)
[5294] processed 113790 (11 nodes)
[5295] processed 113808 (11 nodes)
[5296] processed 113809 (12 nodes)
[5297] processed 113810 (12 nodes)
[5298] processed 113822 (11 nodes)
[5299] processed 113932 (12 nodes)
[5300] processed 113933 (11 nodes)
[5301] processed 113934 (11 nodes)
[5302] processed 113935 (11 nodes)
[5303] processed 113946 (11 nodes)
[5304] processed 113949 (11 nodes)
[5305] processed 113950 (11 nodes)
[5306] processed 113969 (11 nodes)
[5307] processed 113970 (11 nodes)
[5308] processed 113971 (11 nodes)
[5309] processed 113972 (11 nodes)
[5310] processed 113973 (12 nodes)
[5311] processed 114006 (11 nodes)
[5312] processed 114007 (11 nodes)
[5313] processed 114036 (11 nodes)
[5314] processed 114037 (11 nodes)
[5315] processed 114040 (12 nodes)
[5316] processed 114041 (12 nodes)
[5317] processed 114042 (11 nodes)
[5318] processed 114044 (11 nodes)
[5319] processed 114045 (11 nodes)
[5320] processed 114047 (12 nodes)
[5321] processed 114048 (11 nodes)
[5322] processed 114049 (11 nodes)
[5323] processed 114050 (11 nodes)
[5324] processed 114051 (11 nodes)
[5325] processed 114061 (11 nodes)
[5326] processed 114062 (11 nodes)
[5327] processed 114063 (12 nodes)
[5328] processed 114064 (12 nodes)
[5329] processed 114065 (11 nodes)
[5330] processed 114066 (12 nodes)
[5331] processed 114067 (11 nodes)
[5332] processed 114069 (11 nodes)
[5333] processed 114070 (11 nodes)
[5334] processed 114072 (11 nodes)
[5335] processed 114073 (11 nodes)
[5336] processed 114074 (11 nodes)
[5337] processed 114076 (11 nodes)
[5338] processed 114077 (11 nodes)
[5339] processed 114198 (12 nodes)
[5340] processed 114199 (12 nodes)
[5341] processed 114200 (11 nodes)
[5342] processed 114201 (12 nodes)
[5343] processed 114212 (12 nodes)
[5344] processed 114222 (12 nodes)
[5345] processed 114223 (11 nodes)
[5346] processed 114231 (11 nodes)
[5347] processed 114232 (11 nodes)
[5348] processed 114233 (11 nodes)
[5349] processed 114234 (11 nodes)
[5350] processed 114235 (11 nodes)
[5351] processed 114236 (11 nodes)
[5352] processed 114237 (11 nodes)
[5353] processed 114238 (11 nodes)
[5354] processed 114239 (11 nodes)
[5355] processed 114242 (11 nodes)
[5356] processed 114245 (11 nodes)
[5357] processed 114265 (11 nodes)
[5358] processed 114266 (11 nodes)
[5359] processed 114268 (11 nodes)
[5360] processed 114272 (11 nodes)
[5361] processed 114274 (11 nodes)
[5362] processed 114275 (11 nodes)
[5363] processed 114279 (11 nodes)
[5364] processed 114282 (11 nodes)
[5365] processed 114283 (11 nodes)
[5366] processed 114289 (11 nodes)
[5367] processed 114290 (12 nodes)
[5368] processed 114291 (12 nodes)
[5369] processed 114292 (11 nodes)
[5370] processed 114293 (12 nodes)
[5371] processed 114294 (12 nodes)
[5372] processed 114295 (12 nodes)
[5373] processed 114296 (11 nodes)
[5374] processed 114297 (12 nodes)
[5375] processed 114298 (11 nodes)
[5376] processed 114371 (11 nodes)
[5377] processed 114372 (11 nodes)
[5378] processed 114373 (12 nodes)
[5379] processed 114374 (11 nodes)
[5380] processed 114375 (11 nodes)
[5381] processed 114384 (11 nodes)
[5382] processed 114385 (11 nodes)
[5383] processed 114386 (11 nodes)
[5384] processed 114387 (12 nodes)
[5385] processed 114388 (12 nodes)
[5386] processed 114389 (11 nodes)
[5387] processed 114390 (11 nodes)
[5388] processed 114391 (11 nodes)
[5389] processed 114392 (12 nodes)
[5390] processed 114393 (11 nodes)
[5391] processed 114395 (12 nodes)
[5392] processed 114396 (11 nodes)
[5393] processed 114397 (11 nodes)
[5394] processed 114398 (12 nodes)
[5395] processed 114399 (12 nodes)
[5396] processed 114400 (11 nodes)
[5397] processed 114401 (12 nodes)
[5398] processed 114402 (12 nodes)
[5399] processed 114403 (12 nodes)
[5400] processed 114404 (12 nodes)
[5401] processed 114405 (11 nodes)
[5402] processed 114406 (12 nodes)
[5403] processed 114408 (11 nodes)
[5404] processed 114409 (11 nodes)
[5405] processed 114410 (12 nodes)
[5406] processed 114411 (11 nodes)
[5407] processed 114412 (11 nodes)
[5408] processed 114413 (12 nodes)
[5409] processed 114414 (11 nodes)
[5410] processed 114415 (12 nodes)
[5411] processed 114416 (11 nodes)
[5412] processed 114430 (11 nodes)
[5413] processed 114532 (11 nodes)
[5414] processed 114533 (11 nodes)
[5415] processed 114534 (11 nodes)
[5416] processed 114535 (11 nodes)
[5417] processed 114536 (11 nodes)
[5418] processed 114538 (11 nodes)
[5419] processed 114539 (11 nodes)
[5420] processed 114541 (11 nodes)
[5421] processed 114544 (11 nodes)
[5422] processed 114545 (11 nodes)
[5423] processed 114556 (12 nodes)
[5424] processed 114558 (11 nodes)
[5425] processed 114559 (11 nodes)
[5426] processed 114879 (11 nodes)
[5427] processed 114880 (11 nodes)
[5428] processed 114884 (12 nodes)
[5429] processed 114936 (12 nodes)
[5430] processed 114937 (12 nodes)
[5431] processed 114938 (12 nodes)
[5432] processed 114939 (11 nodes)
[5433] processed 114940 (12 nodes)
[5434] processed 114941 (12 nodes)
[5435] processed 114942 (11 nodes)
[5436] processed 114943 (12 nodes)
[5437] processed 114974 (11 nodes)
[5438] processed 114976 (12 nodes)
[5439] processed 115002 (11 nodes)
[5440] processed 115011 (11 nodes)
[5441] processed 115125 (11 nodes)
[5442] processed 115176 (11 nodes)
[5443] processed 115262 (12 nodes)
[5444] processed 115263 (12 nodes)
[5445] processed 115267 (11 nodes)
[5446] processed 115268 (12 nodes)
[5447] processed 115269 (12 nodes)
[5448] processed 115271 (12 nodes)
[5449] processed 115272 (12 nodes)
[5450] processed 115273 (11 nodes)
[5451] processed 115288 (12 nodes)
[5452] processed 115289 (12 nodes)
[5453] processed 115290 (11 nodes)
[5454] processed 115292 (12 nodes)
[5455] processed 115293 (11 nodes)
[5456] processed 115294 (12 nodes)
[5457] processed 115321 (11 nodes)
[5458] processed 115339 (11 nodes)
[5459] processed 115391 (12 nodes)
[5460] processed 115392 (12 nodes)
[5461] processed 115470 (11 nodes)
[5462] processed 115471 (11 nodes)
[5463] processed 115472 (11 nodes)
[5464] processed 115473 (11 nodes)
[5465] processed 115474 (11 nodes)
[5466] processed 115475 (11 nodes)
[5467] processed 115591 (12 nodes)
[5468] processed 115592 (11 nodes)
[5469] processed 115597 (11 nodes)
[5470] processed 115697 (12 nodes)
[5471] processed 115698 (12 nodes)
[5472] processed 115699 (12 nodes)
[5473] processed 115700 (11 nodes)
[5474] processed 115721 (11 nodes)
[5475] processed 115722 (12 nodes)
[5476] processed 115723 (11 nodes)
[5477] processed 115724 (11 nodes)
[5478] processed 115735 (11 nodes)
[5479] processed 115761 (12 nodes)
[5480] processed 115762 (11 nodes)
[5481] processed 115764 (12 nodes)
[5482] processed 115765 (11 nodes)
[5483] processed 115766 (12 nodes)
[5484] processed 115767 (11 nodes)
[5485] processed 115768 (12 nodes)
[5486] processed 115769 (11 nodes)
[5487] processed 115771 (11 nodes)
[5488] processed 115772 (12 nodes)
[5489] processed 115773 (11 nodes)
[5490] processed 115774 (12 nodes)
[5491] processed 115775 (11 nodes)
[5492] processed 115811 (11 nodes)
[5493] processed 115812 (12 nodes)
[5494] processed 115813 (11 nodes)
[5495] processed 115814 (11 nodes)
[5496] processed 115815 (12 nodes)
[5497] processed 115816 (11 nodes)
[5498] processed 115817 (11 nodes)
[5499] processed 115849 (11 nodes)
[5500] processed 115850 (11 nodes)
[5501] processed 115852 (11 nodes)
[5502] processed 115888 (11 nodes)
[5503] processed 115891 (11 nodes)
[5504] processed 115892 (11 nodes)
[5505] processed 115922 (12 nodes)
[5506] processed 115923 (11 nodes)
[5507] processed 115925 (12 nodes)
[5508] processed 115926 (11 nodes)
[5509] processed 115927 (12 nodes)
[5510] processed 115930 (12 nodes)
[5511] processed 115932 (12 nodes)
[5512] processed 115935 (12 nodes)
[5513] processed 115944 (11 nodes)
[5514] processed 115948 (12 nodes)
[5515] processed 116029 (11 nodes)
[5516] processed 116068 (11 nodes)
[5517] processed 116098 (11 nodes)
[5518] processed 116099 (11 nodes)
[5519] processed 116101 (11 nodes)
[5520] processed 116116 (11 nodes)
[5521] processed 116119 (11 nodes)
[5522] processed 116175 (11 nodes)
[5523] processed 116176 (11 nodes)
[5524] processed 116177 (11 nodes)
[5525] processed 116235 (11 nodes)
[5526] processed 116236 (12 nodes)
[5527] processed 116237 (12 nodes)
[5528] processed 116238 (12 nodes)
[5529] processed 116239 (12 nodes)
[5530] processed 116240 (11 nodes)
[5531] processed 116241 (12 nodes)
[5532] processed 116242 (11 nodes)
[5533] processed 116243 (11 nodes)
[5534] processed 116261 (11 nodes)
[5535] processed 116344 (11 nodes)
[5536] processed 116345 (11 nodes)
[5537] processed 116372 (12 nodes)
[5538] processed 116383 (12 nodes)
[5539] processed 116388 (11 nodes)
[5540] processed 116389 (12 nodes)
[5541] processed 116390 (12 nodes)
[5542] processed 116407 (11 nodes)
[5543] processed 116446 (12 nodes)
[5544] processed 116447 (12 nodes)
[5545] processed 116448 (11 nodes)
[5546] processed 116449 (12 nodes)
[5547] processed 116451 (11 nodes)
[5548] processed 116452 (12 nodes)
[5549] processed 116453 (11 nodes)
[5550] processed 116454 (11 nodes)
[5551] processed 116455 (11 nodes)
[5552] processed 116456 (12 nodes)
[5553] processed 116457 (11 nodes)
[5554] processed 116458 (11 nodes)
[5555] processed 116464 (12 nodes)
[5556] processed 116465 (11 nodes)
[5557] processed 116466 (11 nodes)
[5558] processed 116467 (11 nodes)
[5559] processed 116468 (11 nodes)
[5560] processed 116487 (11 nodes)
[5561] processed 116488 (11 nodes)
[5562] processed 116489 (11 nodes)
[5563] processed 116490 (11 nodes)
[5564] processed 116491 (11 nodes)
[5565] processed 116514 (12 nodes)
[5566] processed 116517 (11 nodes)
[5567] processed 116525 (11 nodes)
[5568] processed 116526 (11 nodes)
[5569] processed 116527 (11 nodes)
[5570] processed 116528 (11 nodes)
[5571] processed 116547 (11 nodes)
[5572] processed 116549 (11 nodes)
[5573] processed 116586 (11 nodes)
[5574] processed 116587 (12 nodes)
[5575] processed 116704 (11 nodes)
[5576] processed 116706 (12 nodes)
[5577] processed 116707 (11 nodes)
[5578] processed 116709 (12 nodes)
[5579] processed 116733 (11 nodes)
[5580] processed 116735 (11 nodes)
[5581] processed 116736 (11 nodes)
[5582] processed 116753 (12 nodes)
[5583] processed 116755 (11 nodes)
[5584] processed 116756 (12 nodes)
[5585] processed 116757 (11 nodes)
[5586] processed 116758 (12 nodes)
[5587] processed 116759 (12 nodes)
[5588] processed 116760 (12 nodes)
[5589] processed 116833 (11 nodes)
[5590] processed 116868 (11 nodes)
[5591] processed 116869 (11 nodes)
[5592] processed 116870 (11 nodes)
[5593] processed 116871 (11 nodes)
[5594] processed 116872 (11 nodes)
[5595] processed 116873 (12 nodes)
[5596] processed 116874 (11 nodes)
[5597] processed 116876 (12 nodes)
[5598] processed 116877 (12 nodes)
[5599] processed 116878 (12 nodes)
[5600] processed 116879 (11 nodes)
[5601] processed 116880 (12 nodes)
[5602] processed 116881 (11 nodes)
[5603] processed 116882 (11 nodes)
[5604] processed 116883 (12 nodes)
[5605] processed 117057 (11 nodes)
[5606] processed 117159 (11 nodes)
[5607] processed 117160 (11 nodes)
[5608] processed 117161 (11 nodes)
[5609] processed 117169 (11 nodes)
[5610] processed 117170 (11 nodes)
[5611] processed 117171 (11 nodes)
[5612] processed 117172 (11 nodes)
[5613] processed 117173 (11 nodes)
[5614] processed 117251 (12 nodes)
[5615] processed 117252 (12 nodes)
[5616] processed 117253 (11 nodes)
[5617] processed 117287 (11 nodes)
[5618] processed 117288 (11 nodes)
[5619] processed 117450 (11 nodes)
[5620] processed 117472 (12 nodes)
[5621] processed 117473 (11 nodes)
[5622] processed 117609 (11 nodes)
[5623] processed 117610 (11 nodes)
[5624] processed 117611 (11 nodes)
[5625] processed 117612 (11 nodes)
[5626] processed 117613 (11 nodes)
[5627] processed 117614 (11 nodes)
[5628] processed 117626 (11 nodes)
[5629] processed 117627 (12 nodes)
[5630] processed 117628 (12 nodes)
[5631] processed 117629 (12 nodes)
[5632] processed 117630 (11 nodes)
[5633] processed 117631 (11 nodes)
[5634] processed 117632 (11 nodes)
[5635] processed 117666 (12 nodes)
[5636] processed 117667 (12 nodes)
[5637] processed 117668 (12 nodes)
[5638] processed 117669 (11 nodes)
[5639] processed 117670 (12 nodes)
[5640] processed 117846 (12 nodes)
[5641] processed 117883 (12 nodes)
[5642] processed 117884 (11 nodes)
[5643] processed 117885 (11 nodes)
[5644] processed 117886 (12 nodes)
[5645] processed 117887 (11 nodes)
[5646] processed 117942 (12 nodes)
[5647] processed 117943 (11 nodes)
[5648] processed 117944 (11 nodes)
[5649] processed 117945 (11 nodes)
[5650] processed 117946 (11 nodes)
[5651] processed 117961 (11 nodes)
[5652] processed 117966 (12 nodes)
[5653] processed 117967 (11 nodes)
[5654] processed 117970 (11 nodes)
[5655] processed 117991 (12 nodes)
[5656] processed 118000 (12 nodes)
[5657] processed 118012 (12 nodes)
[5658] processed 118058 (11 nodes)
[5659] processed 118059 (11 nodes)
[5660] processed 118060 (11 nodes)
[5661] processed 118061 (11 nodes)
[5662] processed 118062 (11 nodes)
[5663] processed 118063 (11 nodes)
[5664] processed 118068 (12 nodes)
[5665] processed 118070 (11 nodes)
[5666] processed 118084 (11 nodes)
[5667] processed 118085 (11 nodes)
[5668] processed 118087 (11 nodes)
[5669] processed 118195 (12 nodes)
[5670] processed 118196 (11 nodes)
[5671] processed 118222 (11 nodes)
[5672] processed 118223 (11 nodes)
[5673] processed 118257 (12 nodes)
[5674] processed 118276 (11 nodes)
[5675] processed 118277 (11 nodes)
[5676] processed 118279 (12 nodes)
[5677] processed 118327 (11 nodes)
[5678] processed 118384 (11 nodes)
[5679] processed 118478 (11 nodes)
[5680] processed 118484 (11 nodes)
[5681] processed 118489 (11 nodes)
[5682] processed 118496 (11 nodes)
[5683] processed 118498 (12 nodes)
[5684] processed 118499 (12 nodes)
[5685] processed 118500 (11 nodes)
[5686] processed 118502 (11 nodes)
[5687] processed 118503 (11 nodes)
[5688] processed 118504 (12 nodes)
[5689] processed 118505 (11 nodes)
[5690] processed 118507 (11 nodes)
[5691] processed 118569 (11 nodes)
[5692] processed 118618 (11 nodes)
[5693] processed 118629 (11 nodes)
[5694] processed 118670 (11 nodes)
[5695] processed 118671 (11 nodes)
[5696] processed 118672 (11 nodes)
[5697] processed 118674 (11 nodes)
[5698] processed 118734 (11 nodes)
[5699] processed 118735 (11 nodes)
[5700] processed 118738 (12 nodes)
[5701] processed 118739 (12 nodes)
[5702] processed 118886 (12 nodes)
[5703] processed 118891 (12 nodes)
[5704] processed 118920 (11 nodes)
[5705] processed 118921 (12 nodes)
[5706] processed 118922 (12 nodes)
[5707] processed 118923 (11 nodes)
[5708] processed 118950 (11 nodes)
[5709] processed 118951 (11 nodes)
[5710] processed 118952 (11 nodes)
[5711] processed 118953 (11 nodes)
[5712] processed 118954 (11 nodes)
[5713] processed 118955 (11 nodes)
[5714] processed 118957 (12 nodes)
[5715] processed 118958 (12 nodes)
[5716] processed 118972 (11 nodes)
[5717] processed 118986 (11 nodes)
[5718] processed 118987 (11 nodes)
[5719] processed 118988 (11 nodes)
[5720] processed 119025 (12 nodes)
[5721] processed 119026 (11 nodes)
[5722] processed 119027 (11 nodes)
[5723] processed 119063 (12 nodes)
[5724] processed 119086 (11 nodes)
[5725] processed 119095 (12 nodes)
[5726] processed 119097 (11 nodes)
[5727] processed 119118 (12 nodes)
[5728] processed 119134 (11 nodes)
[5729] processed 119187 (12 nodes)
[5730] processed 119193 (12 nodes)
[5731] processed 119257 (12 nodes)
[5732] processed 119369 (11 nodes)
[5733] processed 119379 (12 nodes)
[5734] processed 119413 (11 nodes)
[5735] processed 119545 (11 nodes)
[5736] processed 119569 (11 nodes)
[5737] processed 119571 (11 nodes)
[5738] processed 119574 (12 nodes)
[5739] processed 119575 (12 nodes)
[5740] processed 119578 (12 nodes)
[5741] processed 119579 (11 nodes)
[5742] processed 119580 (11 nodes)
[5743] processed 119582 (12 nodes)
[5744] processed 119583 (11 nodes)
[5745] processed 119584 (12 nodes)
[5746] processed 119592 (11 nodes)
[5747] processed 119715 (12 nodes)
[5748] processed 119719 (11 nodes)
[5749] processed 119725 (11 nodes)
[5750] processed 119726 (11 nodes)
[5751] processed 119727 (12 nodes)
[5752] processed 119745 (12 nodes)
[5753] processed 119828 (12 nodes)
[5754] processed 119830 (11 nodes)
[5755] processed 119831 (12 nodes)
[5756] processed 119893 (11 nodes)
[5757] processed 119894 (11 nodes)
[5758] processed 119895 (11 nodes)
[5759] processed 119896 (11 nodes)
[5760] processed 119897 (11 nodes)
[5761] processed 119898 (11 nodes)
[5762] processed 119899 (11 nodes)
[5763] processed 119900 (11 nodes)
[5764] processed 119901 (11 nodes)
[5765] processed 119922 (12 nodes)
[5766] processed 119938 (11 nodes)
[5767] processed 119939 (11 nodes)
[5768] processed 119940 (11 nodes)
[5769] processed 119941 (12 nodes)
[5770] processed 119942 (12 nodes)
[5771] processed 119979 (11 nodes)
[5772] processed 119985 (12 nodes)
[5773] processed 119988 (12 nodes)
[5774] processed 119991 (12 nodes)
[5775] processed 119992 (11 nodes)
[5776] processed 119993 (12 nodes)
[5777] processed 119994 (12 nodes)
[5778] processed 120099 (12 nodes)
[5779] processed 120105 (11 nodes)
[5780] processed 120109 (11 nodes)
[5781] processed 120111 (12 nodes)
[5782] processed 120112 (12 nodes)
[5783] processed 120150 (11 nodes)
[5784] processed 120160 (11 nodes)
[5785] processed 120161 (12 nodes)
[5786] processed 120171 (11 nodes)
[5787] processed 120172 (11 nodes)
[5788] processed 120177 (11 nodes)
[5789] processed 120178 (12 nodes)
[5790] processed 120179 (11 nodes)
[5791] processed 120183 (12 nodes)
[5792] processed 120184 (12 nodes)
[5793] processed 120188 (12 nodes)
[5794] processed 120189 (12 nodes)
[5795] processed 120194 (11 nodes)
[5796] processed 120196 (11 nodes)
[5797] processed 120199 (11 nodes)
[5798] processed 120200 (11 nodes)
[5799] processed 120201 (11 nodes)
[5800] processed 120203 (11 nodes)
[5801] processed 120206 (11 nodes)
[5802] processed 120207 (12 nodes)
[5803] processed 120208 (11 nodes)
[5804] processed 120296 (11 nodes)
[5805] processed 120297 (11 nodes)
[5806] processed 120298 (11 nodes)
[5807] processed 120299 (11 nodes)
[5808] processed 120300 (12 nodes)
[5809] processed 120302 (12 nodes)
[5810] processed 120303 (11 nodes)
[5811] processed 120304 (11 nodes)
[5812] processed 120305 (11 nodes)
[5813] processed 120306 (11 nodes)
[5814] processed 120307 (12 nodes)
[5815] processed 120308 (11 nodes)
[5816] processed 120309 (12 nodes)
[5817] processed 120310 (11 nodes)
[5818] processed 120312 (11 nodes)
[5819] processed 120313 (12 nodes)
[5820] processed 120314 (12 nodes)
[5821] processed 120315 (12 nodes)
[5822] processed 120316 (12 nodes)
[5823] processed 120317 (12 nodes)
[5824] processed 120318 (11 nodes)
[5825] processed 120319 (12 nodes)
[5826] processed 120320 (12 nodes)
[5827] processed 120321 (11 nodes)
[5828] processed 120322 (11 nodes)
[5829] processed 120323 (12 nodes)
[5830] processed 120324 (12 nodes)
[5831] processed 120325 (11 nodes)
[5832] processed 120326 (11 nodes)
[5833] processed 120327 (11 nodes)
[5834] processed 120328 (11 nodes)
[5835] processed 120329 (11 nodes)
[5836] processed 120330 (11 nodes)
[5837] processed 120331 (11 nodes)
[5838] processed 120332 (11 nodes)
[5839] processed 120333 (11 nodes)
[5840] processed 120462 (12 nodes)
[5841] processed 120466 (12 nodes)
[5842] processed 120467 (11 nodes)
[5843] processed 120468 (11 nodes)
[5844] processed 120469 (12 nodes)
[5845] processed 120470 (12 nodes)
[5846] processed 120471 (11 nodes)
[5847] processed 120504 (11 nodes)
[5848] processed 120513 (11 nodes)
[5849] processed 120514 (12 nodes)
[5850] processed 120515 (11 nodes)
[5851] processed 120518 (11 nodes)
[5852] processed 120769 (11 nodes)
[5853] processed 120770 (11 nodes)
[5854] processed 120771 (12 nodes)
[5855] processed 120772 (11 nodes)
[5856] processed 120773 (12 nodes)
[5857] processed 120774 (12 nodes)
[5858] processed 120775 (12 nodes)
[5859] processed 120776 (11 nodes)
[5860] processed 120777 (12 nodes)
[5861] processed 120778 (11 nodes)
[5862] processed 120779 (11 nodes)
[5863] processed 120782 (12 nodes)
[5864] processed 121251 (11 nodes)
[5865] processed 121256 (12 nodes)
[5866] processed 121257 (11 nodes)
[5867] processed 121273 (11 nodes)
[5868] processed 121288 (11 nodes)
[5869] processed 121312 (11 nodes)
[5870] processed 121313 (12 nodes)
[5871] processed 121314 (11 nodes)
[5872] processed 121315 (11 nodes)
[5873] processed 121316 (12 nodes)
[5874] processed 121317 (12 nodes)
[5875] processed 121318 (11 nodes)
[5876] processed 121319 (12 nodes)
[5877] processed 121320 (11 nodes)
[5878] processed 121321 (11 nodes)
[5879] processed 121322 (11 nodes)
[5880] processed 121323 (12 nodes)
[5881] processed 121346 (11 nodes)
[5882] processed 121366 (11 nodes)
[5883] processed 121415 (11 nodes)
[5884] processed 121449 (11 nodes)
[5885] processed 121450 (11 nodes)
[5886] processed 121451 (11 nodes)
[5887] processed 121452 (12 nodes)
[5888] processed 121453 (12 nodes)
[5889] processed 121454 (11 nodes)
[5890] processed 121472 (11 nodes)
[5891] processed 121473 (11 nodes)
[5892] processed 121474 (11 nodes)
[5893] processed 121475 (11 nodes)
[5894] processed 121570 (12 nodes)
[5895] processed 121589 (12 nodes)
[5896] processed 121590 (11 nodes)
[5897] processed 121591 (12 nodes)
[5898] processed 121592 (12 nodes)
[5899] processed 121593 (12 nodes)
[5900] processed 121594 (11 nodes)
[5901] processed 121595 (12 nodes)
[5902] processed 121651 (11 nodes)
[5903] processed 121652 (12 nodes)
[5904] processed 121653 (11 nodes)
[5905] processed 121654 (11 nodes)
[5906] processed 121655 (11 nodes)
[5907] processed 121656 (12 nodes)
[5908] processed 121657 (11 nodes)
[5909] processed 121658 (11 nodes)
[5910] processed 121659 (11 nodes)
[5911] processed 121660 (11 nodes)
[5912] processed 121661 (11 nodes)
[5913] processed 121662 (12 nodes)
[5914] processed 121663 (11 nodes)
[5915] processed 121664 (11 nodes)
[5916] processed 121665 (11 nodes)
[5917] processed 121666 (11 nodes)
[5918] processed 121734 (11 nodes)
[5919] processed 121735 (11 nodes)
[5920] processed 121736 (12 nodes)
[5921] processed 121737 (12 nodes)
[5922] processed 121738 (11 nodes)
[5923] processed 121739 (11 nodes)
[5924] processed 121740 (11 nodes)
[5925] processed 121813 (12 nodes)
[5926] processed 121866 (11 nodes)
[5927] processed 121867 (11 nodes)
[5928] processed 121869 (12 nodes)
[5929] processed 121913 (11 nodes)
[5930] processed 121915 (12 nodes)
[5931] processed 121922 (12 nodes)
[5932] processed 121926 (11 nodes)
[5933] processed 121929 (11 nodes)
[5934] processed 121930 (11 nodes)
[5935] processed 121976 (11 nodes)
[5936] processed 121985 (11 nodes)
[5937] processed 121987 (12 nodes)
[5938] processed 121998 (12 nodes)
[5939] processed 122001 (11 nodes)
[5940] processed 122003 (11 nodes)
[5941] processed 122004 (12 nodes)
[5942] processed 122066 (11 nodes)
[5943] processed 122077 (11 nodes)
[5944] processed 122079 (11 nodes)
[5945] processed 122080 (11 nodes)
[5946] processed 122081 (11 nodes)
[5947] processed 122082 (11 nodes)
[5948] processed 122083 (11 nodes)
[5949] processed 122084 (11 nodes)
[5950] processed 122085 (11 nodes)
[5951] processed 122086 (11 nodes)
[5952] processed 122087 (11 nodes)
[5953] processed 122088 (11 nodes)
[5954] processed 122106 (12 nodes)
[5955] processed 122107 (12 nodes)
[5956] processed 122132 (12 nodes)
[5957] processed 122143 (11 nodes)
[5958] processed 122153 (12 nodes)
[5959] processed 122155 (11 nodes)
[5960] processed 122166 (12 nodes)
[5961] processed 122168 (12 nodes)
[5962] processed 122190 (11 nodes)
[5963] processed 122199 (12 nodes)
[5964] processed 122201 (11 nodes)
[5965] processed 122204 (11 nodes)
[5966] processed 122247 (11 nodes)
[5967] processed 122261 (11 nodes)
[5968] processed 122352 (11 nodes)
[5969] processed 122353 (12 nodes)
[5970] processed 122354 (12 nodes)
[5971] processed 122355 (12 nodes)
[5972] processed 122356 (11 nodes)
[5973] processed 122357 (11 nodes)
[5974] processed 122358 (12 nodes)
[5975] processed 122359 (12 nodes)
[5976] processed 122360 (12 nodes)
[5977] processed 122362 (11 nodes)
[5978] processed 122363 (11 nodes)
[5979] processed 122364 (12 nodes)
[5980] processed 122365 (12 nodes)
[5981] processed 122395 (11 nodes)
[5982] processed 122397 (12 nodes)
[5983] processed 122398 (11 nodes)
[5984] processed 122399 (12 nodes)
[5985] processed 122400 (12 nodes)
[5986] processed 122456 (12 nodes)
[5987] processed 122457 (12 nodes)
[5988] processed 122472 (12 nodes)
[5989] processed 122473 (11 nodes)
[5990] processed 122474 (12 nodes)
[5991] processed 122475 (11 nodes)
[5992] processed 122498 (12 nodes)
[5993] processed 122499 (12 nodes)
[5994] processed 122500 (12 nodes)
[5995] processed 122503 (11 nodes)
[5996] processed 122504 (11 nodes)
[5997] processed 122510 (11 nodes)
[5998] processed 122511 (12 nodes)
[5999] processed 122533 (12 nodes)
[6000] processed 122534 (12 nodes)
[6001] processed 122578 (12 nodes)
[6002] processed 122579 (11 nodes)
[6003] processed 122620 (12 nodes)
[6004] processed 122621 (11 nodes)
[6005] processed 122622 (11 nodes)
[6006] processed 122623 (11 nodes)
[6007] processed 122624 (11 nodes)
[6008] processed 122625 (12 nodes)
[6009] processed 122626 (11 nodes)
[6010] processed 122627 (11 nodes)
[6011] processed 122628 (11 nodes)
[6012] processed 122630 (11 nodes)
[6013] processed 122631 (12 nodes)
[6014] processed 122632 (11 nodes)
[6015] processed 122633 (11 nodes)
[6016] processed 122634 (11 nodes)
[6017] processed 122635 (11 nodes)
[6018] processed 122644 (11 nodes)
[6019] processed 122645 (11 nodes)
[6020] processed 122646 (12 nodes)
[6021] processed 122647 (12 nodes)
[6022] processed 122648 (11 nodes)
[6023] processed 122649 (11 nodes)
[6024] processed 122650 (11 nodes)
[6025] processed 122651 (11 nodes)
[6026] processed 122654 (11 nodes)
[6027] processed 122671 (12 nodes)
[6028] processed 122673 (11 nodes)
[6029] processed 122675 (12 nodes)
[6030] processed 122683 (11 nodes)
[6031] processed 122685 (11 nodes)
[6032] processed 122686 (12 nodes)
[6033] processed 122798 (12 nodes)
[6034] processed 122799 (12 nodes)
[6035] processed 122800 (12 nodes)
[6036] processed 122803 (11 nodes)
[6037] processed 122804 (12 nodes)
[6038] processed 122805 (11 nodes)
[6039] processed 122806 (12 nodes)
[6040] processed 122807 (12 nodes)
[6041] processed 122808 (12 nodes)
[6042] processed 122809 (11 nodes)
[6043] processed 122810 (12 nodes)
[6044] processed 122832 (12 nodes)
[6045] processed 122901 (11 nodes)
[6046] processed 122910 (12 nodes)
[6047] processed 122911 (11 nodes)
[6048] processed 122932 (11 nodes)
[6049] processed 122934 (11 nodes)
[6050] processed 122935 (11 nodes)
[6051] processed 122936 (11 nodes)
[6052] processed 122959 (11 nodes)
[6053] processed 122999 (12 nodes)
[6054] processed 123000 (11 nodes)
[6055] processed 123001 (11 nodes)
[6056] processed 123002 (12 nodes)
[6057] processed 123003 (11 nodes)
[6058] processed 123004 (11 nodes)
[6059] processed 123094 (12 nodes)
[6060] processed 123096 (12 nodes)
[6061] processed 123097 (12 nodes)
[6062] processed 123099 (11 nodes)
[6063] processed 123147 (11 nodes)
[6064] processed 123273 (12 nodes)
[6065] processed 123278 (11 nodes)
[6066] processed 123333 (12 nodes)
[6067] processed 123342 (11 nodes)
[6068] processed 123427 (11 nodes)
[6069] processed 123438 (11 nodes)
[6070] processed 123439 (12 nodes)
[6071] processed 123440 (12 nodes)
[6072] processed 123441 (12 nodes)
[6073] processed 123442 (12 nodes)
[6074] processed 123458 (11 nodes)
[6075] processed 123461 (11 nodes)
[6076] processed 123467 (11 nodes)
[6077] processed 123468 (12 nodes)
[6078] processed 123474 (11 nodes)
[6079] processed 123484 (11 nodes)
[6080] processed 123485 (11 nodes)
[6081] processed 123486 (11 nodes)
[6082] processed 123487 (11 nodes)
[6083] processed 123488 (12 nodes)
[6084] processed 123490 (12 nodes)
[6085] processed 123494 (12 nodes)
[6086] processed 123501 (11 nodes)
[6087] processed 123502 (12 nodes)
[6088] processed 123503 (11 nodes)
[6089] processed 123504 (12 nodes)
[6090] processed 123505 (11 nodes)
[6091] processed 123506 (11 nodes)
[6092] processed 123509 (11 nodes)
[6093] processed 123523 (11 nodes)
[6094] processed 123614 (12 nodes)
[6095] processed 123641 (11 nodes)
[6096] processed 123645 (11 nodes)
[6097] processed 123647 (11 nodes)
[6098] processed 123760 (11 nodes)
[6099] processed 123761 (12 nodes)
[6100] processed 123762 (12 nodes)
[6101] processed 123763 (11 nodes)
[6102] processed 123764 (12 nodes)
[6103] processed 123821 (11 nodes)
[6104] processed 123825 (11 nodes)
[6105] processed 123832 (12 nodes)
[6106] processed 123834 (12 nodes)
[6107] processed 123835 (11 nodes)
[6108] processed 123866 (12 nodes)
[6109] processed 123867 (11 nodes)
[6110] processed 123868 (12 nodes)
[6111] processed 123899 (11 nodes)
[6112] processed 123932 (11 nodes)
[6113] processed 123933 (11 nodes)
[6114] processed 123934 (11 nodes)
[6115] processed 123935 (12 nodes)
[6116] processed 123936 (12 nodes)
[6117] processed 123937 (11 nodes)
[6118] processed 123938 (11 nodes)
[6119] processed 123964 (11 nodes)
[6120] processed 123965 (12 nodes)
[6121] processed 123966 (12 nodes)
[6122] processed 123968 (11 nodes)
[6123] processed 123969 (12 nodes)
[6124] processed 123970 (12 nodes)
[6125] processed 123971 (11 nodes)
[6126] processed 123972 (12 nodes)
[6127] processed 123973 (11 nodes)
[6128] processed 123974 (11 nodes)
[6129] processed 123975 (11 nodes)
[6130] processed 123976 (11 nodes)
[6131] processed 123977 (11 nodes)
[6132] processed 123978 (11 nodes)
[6133] processed 123979 (12 nodes)
[6134] processed 123980 (12 nodes)
[6135] processed 123981 (12 nodes)
[6136] processed 123986 (11 nodes)
[6137] processed 124154 (12 nodes)
[6138] processed 124175 (11 nodes)
[6139] processed 124176 (11 nodes)
[6140] processed 124177 (12 nodes)
[6141] processed 124178 (11 nodes)
[6142] processed 124179 (11 nodes)
[6143] processed 124180 (12 nodes)
[6144] processed 124181 (11 nodes)
[6145] processed 124183 (11 nodes)
[6146] processed 124184 (11 nodes)
[6147] processed 124185 (12 nodes)
[6148] processed 124186 (12 nodes)
[6149] processed 124201 (12 nodes)
[6150] processed 124231 (11 nodes)
[6151] processed 124391 (12 nodes)
[6152] processed 124392 (12 nodes)
[6153] processed 124393 (11 nodes)
[6154] processed 124394 (12 nodes)
[6155] processed 124409 (12 nodes)
[6156] processed 124411 (12 nodes)
[6157] processed 124424 (11 nodes)
[6158] processed 124425 (12 nodes)
[6159] processed 124426 (12 nodes)
[6160] processed 124460 (12 nodes)
[6161] processed 124461 (11 nodes)
[6162] processed 124470 (12 nodes)
[6163] processed 124474 (11 nodes)
[6164] processed 124477 (11 nodes)
[6165] processed 124479 (11 nodes)
[6166] processed 124480 (11 nodes)
[6167] processed 124481 (11 nodes)
[6168] processed 124482 (12 nodes)
[6169] processed 124483 (11 nodes)
[6170] processed 124484 (11 nodes)
[6171] processed 124485 (12 nodes)
[6172] processed 124509 (11 nodes)
[6173] processed 124517 (11 nodes)
[6174] processed 124518 (11 nodes)
[6175] processed 124519 (12 nodes)
[6176] processed 124554 (11 nodes)
[6177] processed 124555 (12 nodes)
[6178] processed 124702 (12 nodes)
[6179] processed 124752 (12 nodes)
[6180] processed 124753 (12 nodes)
[6181] processed 124754 (11 nodes)
[6182] processed 124755 (11 nodes)
[6183] processed 124756 (11 nodes)
[6184] processed 124870 (11 nodes)
[6185] processed 124872 (12 nodes)
[6186] processed 124873 (12 nodes)
[6187] processed 124874 (11 nodes)
[6188] processed 124875 (12 nodes)
[6189] processed 124876 (11 nodes)
[6190] processed 124877 (11 nodes)
[6191] processed 124891 (12 nodes)
[6192] processed 124892 (12 nodes)
[6193] processed 124912 (12 nodes)
[6194] processed 124913 (11 nodes)
[6195] processed 124915 (11 nodes)
[6196] processed 124916 (11 nodes)
[6197] processed 124917 (12 nodes)
[6198] processed 124918 (11 nodes)
[6199] processed 124971 (11 nodes)
[6200] processed 124992 (11 nodes)
[6201] processed 124996 (11 nodes)
[6202] processed 125001 (11 nodes)
[6203] processed 125002 (11 nodes)
[6204] processed 125003 (11 nodes)
[6205] processed 125004 (11 nodes)
[6206] processed 125154 (11 nodes)
[6207] processed 125156 (11 nodes)
[6208] processed 125157 (12 nodes)
[6209] processed 125158 (12 nodes)
[6210] processed 125159 (11 nodes)
[6211] processed 125160 (12 nodes)
[6212] processed 125161 (11 nodes)
[6213] processed 125182 (11 nodes)
[6214] processed 125183 (11 nodes)
[6215] processed 125185 (11 nodes)
[6216] processed 125186 (11 nodes)
[6217] processed 125187 (12 nodes)
[6218] processed 125188 (12 nodes)
[6219] processed 125189 (11 nodes)
[6220] processed 125190 (11 nodes)
[6221] processed 125191 (11 nodes)
[6222] processed 125192 (12 nodes)
[6223] processed 125193 (11 nodes)
[6224] processed 125194 (11 nodes)
[6225] processed 125195 (12 nodes)
[6226] processed 125196 (12 nodes)
[6227] processed 125237 (12 nodes)
[6228] processed 125238 (12 nodes)
[6229] processed 125239 (12 nodes)
[6230] processed 125240 (12 nodes)
[6231] processed 125286 (12 nodes)
[6232] processed 125287 (11 nodes)
[6233] processed 125288 (11 nodes)
[6234] processed 125289 (11 nodes)
[6235] processed 125291 (11 nodes)
[6236] processed 125293 (11 nodes)
[6237] processed 125298 (12 nodes)
[6238] processed 125299 (11 nodes)
[6239] processed 125312 (12 nodes)
[6240] processed 125313 (11 nodes)
[6241] processed 125314 (11 nodes)
[6242] processed 125315 (12 nodes)
[6243] processed 125333 (12 nodes)
[6244] processed 125337 (12 nodes)
[6245] processed 125375 (12 nodes)
[6246] processed 125377 (11 nodes)
[6247] processed 125432 (11 nodes)
[6248] processed 125551 (12 nodes)
[6249] processed 125612 (12 nodes)
[6250] processed 125614 (11 nodes)
[6251] processed 125616 (12 nodes)
[6252] processed 125617 (11 nodes)
[6253] processed 125618 (12 nodes)
[6254] processed 125620 (11 nodes)
[6255] processed 125621 (11 nodes)
[6256] processed 125622 (12 nodes)
[6257] processed 125657 (11 nodes)
[6258] processed 125659 (11 nodes)
[6259] processed 125680 (12 nodes)
[6260] processed 125681 (12 nodes)
[6261] processed 125721 (11 nodes)
[6262] processed 125722 (12 nodes)
[6263] processed 125723 (12 nodes)
[6264] processed 125774 (11 nodes)
[6265] processed 125776 (11 nodes)
[6266] processed 125777 (11 nodes)
[6267] processed 125778 (11 nodes)
[6268] processed 125779 (12 nodes)
[6269] processed 125809 (11 nodes)
[6270] processed 125812 (11 nodes)
[6271] processed 125813 (11 nodes)
[6272] processed 125814 (11 nodes)
[6273] processed 125815 (11 nodes)
[6274] processed 125816 (11 nodes)
[6275] processed 125817 (11 nodes)
[6276] processed 125818 (11 nodes)
[6277] processed 125819 (11 nodes)
[6278] processed 125820 (11 nodes)
[6279] processed 125821 (11 nodes)
[6280] processed 125822 (11 nodes)
[6281] processed 125823 (11 nodes)
[6282] processed 125824 (11 nodes)
[6283] processed 125825 (11 nodes)
[6284] processed 125826 (11 nodes)
[6285] processed 125827 (11 nodes)
[6286] processed 125999 (12 nodes)
[6287] processed 126014 (12 nodes)
[6288] processed 126015 (11 nodes)
[6289] processed 126016 (12 nodes)
[6290] processed 126017 (12 nodes)
[6291] processed 126018 (12 nodes)
[6292] processed 126047 (12 nodes)
[6293] processed 126055 (12 nodes)
[6294] processed 126102 (11 nodes)
[6295] processed 126103 (12 nodes)
[6296] processed 126104 (12 nodes)
[6297] processed 126105 (11 nodes)
[6298] processed 126180 (11 nodes)
[6299] processed 126181 (11 nodes)
[6300] processed 126182 (11 nodes)
[6301] processed 126183 (12 nodes)
[6302] processed 126185 (11 nodes)
[6303] processed 126186 (12 nodes)
[6304] processed 126187 (12 nodes)
[6305] processed 126188 (12 nodes)
[6306] processed 126189 (12 nodes)
[6307] processed 126214 (11 nodes)
[6308] processed 126215 (12 nodes)
[6309] processed 126216 (12 nodes)
[6310] processed 126217 (11 nodes)
[6311] processed 126218 (12 nodes)
[6312] processed 126219 (11 nodes)
[6313] processed 126220 (11 nodes)
[6314] processed 126221 (11 nodes)
[6315] processed 126223 (12 nodes)
[6316] processed 126224 (11 nodes)
[6317] processed 126225 (11 nodes)
[6318] processed 126226 (11 nodes)
[6319] processed 126227 (11 nodes)
[6320] processed 126229 (12 nodes)
[6321] processed 126230 (11 nodes)
[6322] processed 126231 (11 nodes)
[6323] processed 126232 (11 nodes)
[6324] processed 126233 (12 nodes)
[6325] processed 126234 (11 nodes)
[6326] processed 126240 (11 nodes)
[6327] processed 126241 (11 nodes)
[6328] processed 126242 (12 nodes)
[6329] processed 126243 (12 nodes)
[6330] processed 126276 (11 nodes)
[6331] processed 126283 (12 nodes)
[6332] processed 126289 (12 nodes)
[6333] processed 126290 (12 nodes)
[6334] processed 126291 (12 nodes)
[6335] processed 126292 (12 nodes)
[6336] processed 126294 (11 nodes)
[6337] processed 126295 (12 nodes)
[6338] processed 126297 (11 nodes)
[6339] processed 126300 (11 nodes)
[6340] processed 126316 (11 nodes)
[6341] processed 126317 (11 nodes)
[6342] processed 126318 (11 nodes)
[6343] processed 126319 (11 nodes)
[6344] processed 126320 (11 nodes)
[6345] processed 126321 (11 nodes)
[6346] processed 126354 (11 nodes)
[6347] processed 126357 (12 nodes)
[6348] processed 126362 (11 nodes)
[6349] processed 126398 (12 nodes)
[6350] processed 126400 (12 nodes)
[6351] processed 126401 (12 nodes)
[6352] processed 126402 (12 nodes)
[6353] processed 126403 (12 nodes)
[6354] processed 126404 (11 nodes)
[6355] processed 126405 (11 nodes)
[6356] processed 126406 (12 nodes)
[6357] processed 126407 (12 nodes)
[6358] processed 126408 (12 nodes)
[6359] processed 126409 (11 nodes)
[6360] processed 126410 (12 nodes)
[6361] processed 126411 (12 nodes)
[6362] processed 126412 (12 nodes)
[6363] processed 126413 (12 nodes)
[6364] processed 126414 (11 nodes)
[6365] processed 126415 (12 nodes)
[6366] processed 126416 (12 nodes)
[6367] processed 126417 (12 nodes)
[6368] processed 126425 (11 nodes)
[6369] processed 126426 (11 nodes)
[6370] processed 126427 (11 nodes)
[6371] processed 126428 (11 nodes)
[6372] processed 126429 (11 nodes)
[6373] processed 126430 (11 nodes)
[6374] processed 126431 (12 nodes)
[6375] processed 126455 (11 nodes)
[6376] processed 126489 (12 nodes)
[6377] processed 126490 (11 nodes)
[6378] processed 126491 (12 nodes)
[6379] processed 126505 (11 nodes)
[6380] processed 126506 (12 nodes)
[6381] processed 126507 (11 nodes)
[6382] processed 126508 (11 nodes)
[6383] processed 126510 (11 nodes)
[6384] processed 126512 (12 nodes)
[6385] processed 126516 (11 nodes)
[6386] processed 126519 (11 nodes)
[6387] processed 126520 (12 nodes)
[6388] processed 126521 (11 nodes)
[6389] processed 126522 (11 nodes)
[6390] processed 126550 (11 nodes)
[6391] processed 126557 (11 nodes)
[6392] processed 126559 (11 nodes)
[6393] processed 126584 (12 nodes)
[6394] processed 126585 (12 nodes)
[6395] processed 126586 (11 nodes)
[6396] processed 126587 (11 nodes)
[6397] processed 126588 (12 nodes)
[6398] processed 126589 (11 nodes)
[6399] processed 126598 (11 nodes)
[6400] processed 126600 (12 nodes)
[6401] processed 126601 (11 nodes)
[6402] processed 126602 (11 nodes)
[6403] processed 126603 (11 nodes)
[6404] processed 126605 (11 nodes)
[6405] processed 126606 (12 nodes)
[6406] processed 126607 (12 nodes)
[6407] processed 126608 (11 nodes)
[6408] processed 126646 (11 nodes)
[6409] processed 126666 (12 nodes)
[6410] processed 126667 (12 nodes)
[6411] processed 126668 (11 nodes)
[6412] processed 126669 (12 nodes)
[6413] processed 126670 (12 nodes)
[6414] processed 126671 (12 nodes)
[6415] processed 126672 (11 nodes)
[6416] processed 126673 (11 nodes)
[6417] processed 126674 (12 nodes)
[6418] processed 126675 (12 nodes)
[6419] processed 126676 (12 nodes)
[6420] processed 126716 (11 nodes)
[6421] processed 126717 (11 nodes)
[6422] processed 126718 (11 nodes)
[6423] processed 126719 (12 nodes)
[6424] processed 126720 (11 nodes)
[6425] processed 126743 (11 nodes)
[6426] processed 126746 (12 nodes)
[6427] processed 126747 (12 nodes)
[6428] processed 126748 (12 nodes)
[6429] processed 126749 (11 nodes)
[6430] processed 126773 (12 nodes)
[6431] processed 126778 (11 nodes)
[6432] processed 126781 (11 nodes)
[6433] processed 126782 (11 nodes)
[6434] processed 126786 (12 nodes)
[6435] processed 126789 (11 nodes)
[6436] processed 126790 (12 nodes)
[6437] processed 126882 (11 nodes)
[6438] processed 126883 (12 nodes)
[6439] processed 126884 (12 nodes)
[6440] processed 126885 (11 nodes)
[6441] processed 126886 (12 nodes)
[6442] processed 126887 (11 nodes)
[6443] processed 126899 (11 nodes)
[6444] processed 126900 (12 nodes)
[6445] processed 126944 (11 nodes)
[6446] processed 126979 (11 nodes)
[6447] processed 127036 (12 nodes)
[6448] processed 127037 (12 nodes)
[6449] processed 127062 (12 nodes)
[6450] processed 127066 (12 nodes)
[6451] processed 127155 (11 nodes)
[6452] processed 127159 (11 nodes)
[6453] processed 127180 (12 nodes)
[6454] processed 127181 (11 nodes)
[6455] processed 127182 (11 nodes)
[6456] processed 127183 (12 nodes)
[6457] processed 127184 (11 nodes)
[6458] processed 127185 (11 nodes)
[6459] processed 127186 (12 nodes)
[6460] processed 127187 (11 nodes)
[6461] processed 127188 (12 nodes)
[6462] processed 127189 (11 nodes)
[6463] processed 127190 (12 nodes)
[6464] processed 127191 (12 nodes)
[6465] processed 127192 (12 nodes)
[6466] processed 127193 (11 nodes)
[6467] processed 127194 (11 nodes)
[6468] processed 127203 (11 nodes)
[6469] processed 127204 (11 nodes)
[6470] processed 127205 (11 nodes)
[6471] processed 127206 (11 nodes)
[6472] processed 127207 (12 nodes)
[6473] processed 127208 (12 nodes)
[6474] processed 127209 (11 nodes)
[6475] processed 127210 (11 nodes)
[6476] processed 127211 (11 nodes)
[6477] processed 127212 (11 nodes)
[6478] processed 127263 (12 nodes)
[6479] processed 127265 (11 nodes)
[6480] processed 127266 (12 nodes)
[6481] processed 127267 (11 nodes)
[6482] processed 127268 (11 nodes)
[6483] processed 127269 (11 nodes)
[6484] processed 127271 (11 nodes)
[6485] processed 127273 (12 nodes)
[6486] processed 127274 (11 nodes)
[6487] processed 127275 (11 nodes)
[6488] processed 127276 (12 nodes)
[6489] processed 127277 (11 nodes)
[6490] processed 127278 (11 nodes)
[6491] processed 127279 (12 nodes)
[6492] processed 127280 (11 nodes)
[6493] processed 127281 (11 nodes)
[6494] processed 127285 (11 nodes)
[6495] processed 127286 (12 nodes)
[6496] processed 127287 (11 nodes)
[6497] processed 127288 (11 nodes)
[6498] processed 127289 (12 nodes)
[6499] processed 127290 (12 nodes)
[6500] processed 127294 (11 nodes)
[6501] processed 127295 (12 nodes)
[6502] processed 127296 (12 nodes)
[6503] processed 127297 (11 nodes)
[6504] processed 127298 (12 nodes)
[6505] processed 127299 (12 nodes)
[6506] processed 127300 (11 nodes)
[6507] processed 127301 (11 nodes)
[6508] processed 127302 (11 nodes)
[6509] processed 127303 (12 nodes)
[6510] processed 127330 (12 nodes)
[6511] processed 127331 (12 nodes)
[6512] processed 127339 (11 nodes)
[6513] processed 127343 (12 nodes)
[6514] processed 127349 (12 nodes)
[6515] processed 127350 (11 nodes)
[6516] processed 127356 (11 nodes)
[6517] processed 127357 (12 nodes)
[6518] processed 127358 (12 nodes)
[6519] processed 127359 (11 nodes)
[6520] processed 127360 (12 nodes)
[6521] processed 127402 (11 nodes)
[6522] processed 127422 (11 nodes)
[6523] processed 127469 (12 nodes)
[6524] processed 127484 (12 nodes)
[6525] processed 127494 (12 nodes)
[6526] processed 127495 (12 nodes)
[6527] processed 127496 (11 nodes)
[6528] processed 127497 (11 nodes)
[6529] processed 127498 (12 nodes)
[6530] processed 127499 (11 nodes)
[6531] processed 127519 (12 nodes)
[6532] processed 127520 (11 nodes)
[6533] processed 127532 (12 nodes)
[6534] processed 127541 (12 nodes)
[6535] processed 127542 (11 nodes)
[6536] processed 127559 (11 nodes)
[6537] processed 127620 (11 nodes)
[6538] processed 127623 (11 nodes)
[6539] processed 127648 (12 nodes)
[6540] processed 127660 (12 nodes)
[6541] processed 127661 (11 nodes)
[6542] processed 127662 (11 nodes)
[6543] processed 127663 (11 nodes)
[6544] processed 127720 (11 nodes)
[6545] processed 127722 (11 nodes)
[6546] processed 127726 (12 nodes)
[6547] processed 127798 (11 nodes)
[6548] processed 127804 (11 nodes)
[6549] processed 127806 (11 nodes)
[6550] processed 127865 (11 nodes)
[6551] processed 127866 (11 nodes)
[6552] processed 127867 (11 nodes)
[6553] processed 127868 (11 nodes)
[6554] processed 127869 (11 nodes)
[6555] processed 127870 (11 nodes)
[6556] processed 127871 (11 nodes)
[6557] processed 127878 (11 nodes)
[6558] processed 127908 (11 nodes)
[6559] processed 127909 (11 nodes)
[6560] processed 127910 (11 nodes)
[6561] processed 127911 (11 nodes)
[6562] processed 127912 (11 nodes)
[6563] processed 127913 (12 nodes)
[6564] processed 127914 (12 nodes)
[6565] processed 127915 (12 nodes)
[6566] processed 127916 (12 nodes)
[6567] processed 127936 (11 nodes)
[6568] processed 127996 (12 nodes)
[6569] processed 128441 (11 nodes)
[6570] processed 128443 (12 nodes)
[6571] processed 128448 (12 nodes)
[6572] processed 128469 (11 nodes)
[6573] processed 128470 (11 nodes)
[6574] processed 128471 (11 nodes)
[6575] processed 128472 (11 nodes)
[6576] processed 128473 (12 nodes)
[6577] processed 128476 (11 nodes)
[6578] processed 128477 (11 nodes)
[6579] processed 128482 (11 nodes)
[6580] processed 128484 (12 nodes)
[6581] processed 128494 (11 nodes)
[6582] processed 128500 (12 nodes)
[6583] processed 128504 (12 nodes)
[6584] processed 128619 (12 nodes)
[6585] processed 128666 (11 nodes)
[6586] processed 128668 (12 nodes)
[6587] processed 128699 (12 nodes)
[6588] processed 128709 (11 nodes)
[6589] processed 128710 (11 nodes)
[6590] processed 128711 (11 nodes)
[6591] processed 128758 (11 nodes)
[6592] processed 128759 (11 nodes)
[6593] processed 128760 (11 nodes)
[6594] processed 128799 (11 nodes)
[6595] processed 128811 (12 nodes)
[6596] processed 128812 (11 nodes)
[6597] processed 128813 (12 nodes)
[6598] processed 128814 (12 nodes)
[6599] processed 128815 (11 nodes)
[6600] processed 128816 (11 nodes)
[6601] processed 128825 (12 nodes)
[6602] processed 128827 (11 nodes)
[6603] processed 128828 (11 nodes)
[6604] processed 128835 (11 nodes)
[6605] processed 128845 (12 nodes)
[6606] processed 128878 (11 nodes)
[6607] processed 128879 (11 nodes)
[6608] processed 128880 (12 nodes)
[6609] processed 128881 (12 nodes)
[6610] processed 128882 (11 nodes)
[6611] processed 128885 (12 nodes)
[6612] processed 128886 (12 nodes)
[6613] processed 128887 (11 nodes)
[6614] processed 128888 (11 nodes)
[6615] processed 128927 (11 nodes)
[6616] processed 128992 (11 nodes)
[6617] processed 129039 (12 nodes)
[6618] processed 129040 (11 nodes)
[6619] processed 129042 (12 nodes)
[6620] processed 129043 (11 nodes)
[6621] processed 129044 (12 nodes)
[6622] processed 129046 (12 nodes)
[6623] processed 129048 (11 nodes)
[6624] processed 129049 (12 nodes)
[6625] processed 129051 (12 nodes)
[6626] processed 129052 (11 nodes)
[6627] processed 129053 (11 nodes)
[6628] processed 129054 (12 nodes)
[6629] processed 129055 (12 nodes)
[6630] processed 129056 (11 nodes)
[6631] processed 129088 (12 nodes)
[6632] processed 129089 (11 nodes)
[6633] processed 129090 (12 nodes)
[6634] processed 129091 (11 nodes)
[6635] processed 129092 (12 nodes)
[6636] processed 129093 (12 nodes)
[6637] processed 129094 (12 nodes)
[6638] processed 129095 (12 nodes)
[6639] processed 129096 (11 nodes)
[6640] processed 129097 (12 nodes)
[6641] processed 129098 (11 nodes)
[6642] processed 129184 (12 nodes)
[6643] processed 129185 (12 nodes)
[6644] processed 129186 (11 nodes)
[6645] processed 129187 (12 nodes)
[6646] processed 129188 (11 nodes)
[6647] processed 129189 (12 nodes)
[6648] processed 129190 (12 nodes)
[6649] processed 129268 (11 nodes)
[6650] processed 129362 (11 nodes)
[6651] processed 129372 (11 nodes)
[6652] processed 129374 (12 nodes)
[6653] processed 129375 (12 nodes)
[6654] processed 129391 (12 nodes)
[6655] processed 129392 (11 nodes)
[6656] processed 129393 (11 nodes)
[6657] processed 129395 (12 nodes)
[6658] processed 129396 (12 nodes)
[6659] processed 129397 (11 nodes)
[6660] processed 129398 (11 nodes)
[6661] processed 129399 (11 nodes)
[6662] processed 129400 (12 nodes)
[6663] processed 129401 (11 nodes)
[6664] processed 129402 (12 nodes)
[6665] processed 129403 (11 nodes)
[6666] processed 129404 (12 nodes)
[6667] processed 129405 (12 nodes)
[6668] processed 129406 (11 nodes)
[6669] processed 129407 (12 nodes)
[6670] processed 129439 (11 nodes)
[6671] processed 129442 (11 nodes)
[6672] processed 129444 (11 nodes)
[6673] processed 129620 (11 nodes)
[6674] processed 129622 (12 nodes)
[6675] processed 129624 (11 nodes)
[6676] processed 129674 (12 nodes)
[6677] processed 129675 (11 nodes)
[6678] processed 129683 (11 nodes)
[6679] processed 129694 (12 nodes)
[6680] processed 129695 (11 nodes)
[6681] processed 129696 (12 nodes)
[6682] processed 129742 (11 nodes)
[6683] processed 129806 (11 nodes)
[6684] processed 129807 (11 nodes)
[6685] processed 129808 (12 nodes)
[6686] processed 129816 (11 nodes)
[6687] processed 129874 (11 nodes)
[6688] processed 129875 (11 nodes)
[6689] processed 129876 (12 nodes)
[6690] processed 129879 (12 nodes)
[6691] processed 129880 (11 nodes)
[6692] processed 129882 (12 nodes)
[6693] processed 129883 (11 nodes)
[6694] processed 129884 (12 nodes)
[6695] processed 129885 (11 nodes)
[6696] processed 129886 (12 nodes)
[6697] processed 129887 (11 nodes)
[6698] processed 129889 (11 nodes)
[6699] processed 129904 (12 nodes)
[6700] processed 129910 (11 nodes)
[6701] processed 129914 (11 nodes)
[6702] processed 129915 (12 nodes)
[6703] processed 129918 (11 nodes)
[6704] processed 129919 (12 nodes)
[6705] processed 129920 (11 nodes)
[6706] processed 129922 (11 nodes)
[6707] processed 129923 (11 nodes)
[6708] processed 129924 (11 nodes)
[6709] processed 129925 (11 nodes)
[6710] processed 129926 (11 nodes)
[6711] processed 129927 (11 nodes)
[6712] processed 129962 (11 nodes)
[6713] processed 129968 (11 nodes)
[6714] processed 129969 (12 nodes)
[6715] processed 129970 (12 nodes)
[6716] processed 129972 (12 nodes)
[6717] processed 129973 (11 nodes)
[6718] processed 129997 (11 nodes)
[6719] processed 130016 (11 nodes)
[6720] processed 130084 (11 nodes)
[6721] processed 130129 (11 nodes)
[6722] processed 130130 (11 nodes)
[6723] processed 130131 (12 nodes)
[6724] processed 130132 (11 nodes)
[6725] processed 130133 (11 nodes)
[6726] processed 130134 (12 nodes)
[6727] processed 130135 (11 nodes)
[6728] processed 130136 (12 nodes)
[6729] processed 130137 (11 nodes)
[6730] processed 130168 (11 nodes)
[6731] processed 130170 (11 nodes)
[6732] processed 130218 (11 nodes)
[6733] processed 130265 (11 nodes)
[6734] processed 130347 (11 nodes)
[6735] processed 130349 (11 nodes)
[6736] processed 130367 (12 nodes)
[6737] processed 130368 (11 nodes)
[6738] processed 130369 (11 nodes)
[6739] processed 130370 (12 nodes)
[6740] processed 130371 (12 nodes)
[6741] processed 130372 (11 nodes)
[6742] processed 130440 (12 nodes)
[6743] processed 130454 (11 nodes)
[6744] processed 130456 (11 nodes)
[6745] processed 130650 (11 nodes)
[6746] processed 130667 (11 nodes)
[6747] processed 130682 (11 nodes)
[6748] processed 130683 (11 nodes)
[6749] processed 130689 (12 nodes)
[6750] processed 130691 (12 nodes)
[6751] processed 130692 (12 nodes)
[6752] processed 130693 (12 nodes)
[6753] processed 130702 (11 nodes)
[6754] processed 130709 (12 nodes)
[6755] processed 130710 (12 nodes)
[6756] processed 130711 (11 nodes)
[6757] processed 130752 (11 nodes)
[6758] processed 130758 (11 nodes)
[6759] processed 130920 (12 nodes)
[6760] processed 130921 (11 nodes)
[6761] processed 130922 (12 nodes)
[6762] processed 130923 (11 nodes)
[6763] processed 130927 (12 nodes)
[6764] processed 130929 (12 nodes)
[6765] processed 130930 (12 nodes)
[6766] processed 130931 (12 nodes)
[6767] processed 130932 (12 nodes)
[6768] processed 130933 (11 nodes)
[6769] processed 130934 (12 nodes)
[6770] processed 130937 (12 nodes)
[6771] processed 130940 (12 nodes)
[6772] processed 130944 (12 nodes)
[6773] processed 130945 (11 nodes)
[6774] processed 130948 (11 nodes)
[6775] processed 130950 (12 nodes)
[6776] processed 130951 (12 nodes)
[6777] processed 130952 (12 nodes)
[6778] processed 130953 (11 nodes)
[6779] processed 130954 (11 nodes)
[6780] processed 130955 (12 nodes)
[6781] processed 130956 (12 nodes)
[6782] processed 130963 (11 nodes)
[6783] processed 130964 (12 nodes)
[6784] processed 130986 (11 nodes)
[6785] processed 130988 (12 nodes)
[6786] processed 130989 (12 nodes)
[6787] processed 130990 (11 nodes)
[6788] processed 130991 (12 nodes)
[6789] processed 130992 (12 nodes)
[6790] processed 130993 (11 nodes)
[6791] processed 131016 (11 nodes)
[6792] processed 131019 (11 nodes)
[6793] processed 131020 (12 nodes)
[6794] processed 131021 (11 nodes)
[6795] processed 131024 (11 nodes)
[6796] processed 131166 (12 nodes)
[6797] processed 131292 (12 nodes)
[6798] processed 131323 (12 nodes)
[6799] processed 131324 (12 nodes)
[6800] processed 131325 (12 nodes)
[6801] processed 131326 (11 nodes)
[6802] processed 131327 (11 nodes)
[6803] processed 131385 (11 nodes)
[6804] processed 131410 (12 nodes)
[6805] processed 131422 (11 nodes)
[6806] processed 131425 (12 nodes)
[6807] processed 131426 (11 nodes)
[6808] processed 131436 (11 nodes)
[6809] processed 131439 (11 nodes)
[6810] processed 131444 (11 nodes)
[6811] processed 131446 (11 nodes)
[6812] processed 131448 (11 nodes)
[6813] processed 131449 (11 nodes)
[6814] processed 131451 (11 nodes)
[6815] processed 131452 (11 nodes)
[6816] processed 131453 (11 nodes)
[6817] processed 131454 (11 nodes)
[6818] processed 131476 (12 nodes)
[6819] processed 131536 (11 nodes)
[6820] processed 131540 (11 nodes)
[6821] processed 131552 (11 nodes)
[6822] processed 131553 (11 nodes)
[6823] processed 131554 (11 nodes)
[6824] processed 131567 (12 nodes)
[6825] processed 131624 (11 nodes)
[6826] processed 131656 (11 nodes)
[6827] processed 131657 (11 nodes)
[6828] processed 131658 (11 nodes)
[6829] processed 131764 (11 nodes)
[6830] processed 131767 (11 nodes)
[6831] processed 131770 (11 nodes)
[6832] processed 131771 (12 nodes)
[6833] processed 131772 (11 nodes)
[6834] processed 131773 (12 nodes)
[6835] processed 131774 (11 nodes)
[6836] processed 131787 (11 nodes)
[6837] processed 131789 (12 nodes)
[6838] processed 131791 (11 nodes)
[6839] processed 131792 (12 nodes)
[6840] processed 131794 (12 nodes)
[6841] processed 131795 (12 nodes)
[6842] processed 131796 (11 nodes)
[6843] processed 131797 (11 nodes)
[6844] processed 131837 (11 nodes)
[6845] processed 131897 (11 nodes)
[6846] processed 131899 (11 nodes)
[6847] processed 131900 (12 nodes)
[6848] processed 131901 (12 nodes)
[6849] processed 131902 (11 nodes)
[6850] processed 131903 (12 nodes)
[6851] processed 131904 (12 nodes)
[6852] processed 131911 (11 nodes)
[6853] processed 131912 (12 nodes)
[6854] processed 131913 (12 nodes)
[6855] processed 131914 (11 nodes)
[6856] processed 131917 (11 nodes)
[6857] processed 131918 (11 nodes)
[6858] processed 131919 (11 nodes)
[6859] processed 131922 (12 nodes)
[6860] processed 131923 (11 nodes)
[6861] processed 131924 (11 nodes)
[6862] processed 131925 (11 nodes)
[6863] processed 131932 (11 nodes)
[6864] processed 131933 (12 nodes)
[6865] processed 131934 (12 nodes)
[6866] processed 131935 (11 nodes)
[6867] processed 131936 (12 nodes)
[6868] processed 131938 (11 nodes)
[6869] processed 131939 (11 nodes)
[6870] processed 131940 (11 nodes)
[6871] processed 131941 (11 nodes)
[6872] processed 131942 (11 nodes)
[6873] processed 131950 (11 nodes)
[6874] processed 131951 (11 nodes)
[6875] processed 131952 (11 nodes)
[6876] processed 131953 (11 nodes)
[6877] processed 131978 (11 nodes)
[6878] processed 131979 (11 nodes)
[6879] processed 131980 (11 nodes)
[6880] processed 131982 (12 nodes)
[6881] processed 131983 (11 nodes)
[6882] processed 131984 (11 nodes)
[6883] processed 131985 (11 nodes)
[6884] processed 131986 (12 nodes)
[6885] processed 132019 (11 nodes)
[6886] processed 132040 (11 nodes)
[6887] processed 132041 (11 nodes)
[6888] processed 132042 (11 nodes)
[6889] processed 132045 (12 nodes)
[6890] processed 132117 (11 nodes)
[6891] processed 132118 (11 nodes)
[6892] processed 132122 (11 nodes)
[6893] processed 132134 (11 nodes)
[6894] processed 132138 (12 nodes)
[6895] processed 132139 (11 nodes)
[6896] processed 132140 (11 nodes)
[6897] processed 132141 (11 nodes)
[6898] processed 132142 (11 nodes)
[6899] processed 132171 (12 nodes)
[6900] processed 132272 (12 nodes)
[6901] processed 132310 (11 nodes)
[6902] processed 132420 (11 nodes)
[6903] processed 132424 (12 nodes)
[6904] processed 132434 (11 nodes)
[6905] processed 132436 (11 nodes)
[6906] processed 132448 (12 nodes)
[6907] processed 132449 (11 nodes)
[6908] processed 132453 (11 nodes)
[6909] processed 132454 (11 nodes)
[6910] processed 132455 (11 nodes)
[6911] processed 132456 (11 nodes)
[6912] processed 132561 (12 nodes)
[6913] processed 132566 (11 nodes)
[6914] processed 132567 (11 nodes)
[6915] processed 132568 (11 nodes)
[6916] processed 132589 (12 nodes)
[6917] processed 132675 (11 nodes)
[6918] processed 132677 (11 nodes)
[6919] processed 132678 (11 nodes)
[6920] processed 132679 (11 nodes)
[6921] processed 132773 (11 nodes)
[6922] processed 132774 (12 nodes)
[6923] processed 132775 (11 nodes)
[6924] processed 132778 (11 nodes)
[6925] processed 132779 (11 nodes)
[6926] processed 132781 (11 nodes)
[6927] processed 132784 (11 nodes)
[6928] processed 132786 (11 nodes)
[6929] processed 132787 (11 nodes)
[6930] processed 132788 (11 nodes)
[6931] processed 132789 (11 nodes)
[6932] processed 132790 (11 nodes)
[6933] processed 132791 (11 nodes)
[6934] processed 132792 (11 nodes)
[6935] processed 132793 (11 nodes)
[6936] processed 132794 (11 nodes)
[6937] processed 132795 (11 nodes)
[6938] processed 132914 (11 nodes)
[6939] processed 132954 (11 nodes)
[6940] processed 132961 (11 nodes)
[6941] processed 132962 (11 nodes)
[6942] processed 132963 (11 nodes)
[6943] processed 132964 (11 nodes)
[6944] processed 132965 (11 nodes)
[6945] processed 133015 (12 nodes)
[6946] processed 133016 (12 nodes)
[6947] processed 133019 (12 nodes)
[6948] processed 133020 (12 nodes)
[6949] processed 133022 (12 nodes)
[6950] processed 133023 (12 nodes)
[6951] processed 133024 (11 nodes)
[6952] processed 133025 (12 nodes)
[6953] processed 133026 (11 nodes)
[6954] processed 133027 (11 nodes)
[6955] processed 133028 (12 nodes)
[6956] processed 133029 (11 nodes)
[6957] processed 133100 (11 nodes)
[6958] processed 133102 (12 nodes)
[6959] processed 133272 (12 nodes)
[6960] processed 133273 (12 nodes)
[6961] processed 133274 (11 nodes)
[6962] processed 133275 (11 nodes)
[6963] processed 133276 (12 nodes)
[6964] processed 133293 (11 nodes)
[6965] processed 133294 (12 nodes)
[6967] processed 133332 (11 nodes)
[6968] processed 133333 (12 nodes)
[6969] processed 133431 (11 nodes)
[6970] processed 133432 (12 nodes)
[6971] processed 133433 (11 nodes)
[6972] processed 133434 (11 nodes)
[6973] processed 133435 (12 nodes)
[6974] processed 133436 (11 nodes)
[6975] processed 133437 (11 nodes)
[6976] processed 133438 (11 nodes)
[6977] processed 133439 (12 nodes)
[6978] processed 133440 (12 nodes)
[6979] processed 133441 (11 nodes)
[6980] processed 133442 (11 nodes)
[6981] processed 133443 (12 nodes)
[6982] processed 133444 (12 nodes)
[6983] processed 133445 (12 nodes)
[6984] processed 133446 (11 nodes)
[6985] processed 133447 (11 nodes)
[6986] processed 133448 (11 nodes)
[6987] processed 133449 (12 nodes)
[6988] processed 133450 (12 nodes)
[6989] processed 133451 (12 nodes)
[6990] processed 133452 (12 nodes)
[6991] processed 133453 (12 nodes)
[6992] processed 133454 (11 nodes)
[6993] processed 133455 (11 nodes)
[6994] processed 133456 (12 nodes)
[6995] processed 133457 (11 nodes)
[6996] processed 133459 (11 nodes)
[6997] processed 133479 (11 nodes)
[6998] processed 133535 (12 nodes)
[6999] processed 133537 (11 nodes)
[7000] processed 133538 (11 nodes)
[7001] processed 133544 (12 nodes)
[7002] processed 133545 (12 nodes)
[7003] processed 133546 (11 nodes)
[7004] processed 133551 (12 nodes)
[7005] processed 133553 (12 nodes)
[7006] processed 133560 (11 nodes)
[7007] processed 133561 (11 nodes)
[7008] processed 133562 (11 nodes)
[7009] processed 133563 (12 nodes)
[7010] processed 133564 (12 nodes)
[7011] processed 133567 (12 nodes)
[7012] processed 133571 (12 nodes)
[7013] processed 133572 (11 nodes)
[7014] processed 133573 (12 nodes)
[7015] processed 133574 (12 nodes)
[7016] processed 133576 (12 nodes)
[7017] processed 133579 (12 nodes)
[7018] processed 133580 (12 nodes)
[7019] processed 133632 (11 nodes)
[7020] processed 133638 (11 nodes)
[7021] processed 133639 (11 nodes)
[7022] processed 133681 (12 nodes)
[7023] processed 133729 (11 nodes)
[7024] processed 133731 (11 nodes)
[7025] processed 133770 (12 nodes)
[7026] processed 133772 (11 nodes)
[7027] processed 133780 (11 nodes)
[7028] processed 133781 (12 nodes)
[7029] processed 133788 (12 nodes)
[7030] processed 133793 (11 nodes)
[7031] processed 133798 (12 nodes)
[7032] processed 133802 (12 nodes)
[7033] processed 133803 (12 nodes)
[7034] processed 133833 (12 nodes)
[7035] processed 133835 (11 nodes)
[7036] processed 133836 (11 nodes)
[7037] processed 133837 (11 nodes)
[7038] processed 133838 (11 nodes)
[7039] processed 133916 (12 nodes)
[7040] processed 133942 (11 nodes)
[7041] processed 133943 (11 nodes)
[7042] processed 133967 (11 nodes)
[7043] processed 133968 (11 nodes)
[7044] processed 133969 (11 nodes)
[7045] processed 133970 (12 nodes)
[7046] processed 133971 (12 nodes)
[7047] processed 133972 (11 nodes)
[7048] processed 133973 (11 nodes)
[7049] processed 133974 (11 nodes)
[7050] processed 133975 (11 nodes)
[7051] processed 133976 (11 nodes)
[7052] processed 133977 (12 nodes)
[7053] processed 133978 (12 nodes)
[7054] processed 134034 (11 nodes)
[7055] processed 134052 (11 nodes)
[7056] processed 134053 (11 nodes)
[7057] processed 134054 (11 nodes)
[7058] processed 134073 (11 nodes)
[7059] processed 134077 (11 nodes)
[7060] processed 134084 (12 nodes)
[7061] processed 134094 (12 nodes)
[7062] processed 134359 (12 nodes)
[7063] processed 134384 (12 nodes)
[7064] processed 134385 (11 nodes)
[7065] processed 134388 (11 nodes)
[7066] processed 134389 (12 nodes)
[7067] processed 134443 (12 nodes)
[7068] processed 134444 (11 nodes)
[7069] processed 134445 (11 nodes)
[7070] processed 134446 (12 nodes)
[7071] processed 134447 (11 nodes)
[7072] processed 134448 (11 nodes)
[7073] processed 134449 (12 nodes)
[7074] processed 134452 (11 nodes)
[7075] processed 134453 (12 nodes)
[7076] processed 134454 (11 nodes)
[7077] processed 134455 (12 nodes)
[7078] processed 134486 (12 nodes)
[7079] processed 134509 (12 nodes)
[7080] processed 134510 (11 nodes)
[7081] processed 134580 (12 nodes)
[7082] processed 134586 (11 nodes)
[7083] processed 134594 (11 nodes)
[7084] processed 134610 (12 nodes)
[7085] processed 134631 (11 nodes)
[7086] processed 134643 (12 nodes)
[7087] processed 134790 (11 nodes)
[7088] processed 134791 (12 nodes)
[7089] processed 134792 (12 nodes)
[7090] processed 134793 (12 nodes)
[7091] processed 134794 (12 nodes)
[7092] processed 134795 (12 nodes)
[7093] processed 134796 (11 nodes)
[7094] processed 134797 (11 nodes)
[7095] processed 134801 (11 nodes)
[7096] processed 134823 (12 nodes)
[7097] processed 134824 (11 nodes)
[7098] processed 134825 (11 nodes)
[7099] processed 134826 (12 nodes)
[7100] processed 134827 (11 nodes)
[7101] processed 134918 (12 nodes)
[7102] processed 134919 (12 nodes)
[7103] processed 134922 (11 nodes)
[7104] processed 134923 (11 nodes)
[7105] processed 134928 (12 nodes)
[7106] processed 134929 (11 nodes)
[7107] processed 134930 (12 nodes)
[7108] processed 134931 (12 nodes)
[7109] processed 134932 (12 nodes)
[7110] processed 134933 (11 nodes)
[7111] processed 134934 (12 nodes)
[7112] processed 134935 (12 nodes)
[7113] processed 134936 (11 nodes)
[7114] processed 134937 (11 nodes)
[7115] processed 134938 (11 nodes)
[7116] processed 134939 (11 nodes)
[7117] processed 134940 (12 nodes)
[7118] processed 134941 (12 nodes)
[7119] processed 134942 (11 nodes)
[7120] processed 134943 (11 nodes)
[7121] processed 134947 (11 nodes)
[7122] processed 134948 (12 nodes)
[7123] processed 134949 (12 nodes)
[7124] processed 134950 (12 nodes)
[7125] processed 134951 (11 nodes)
[7126] processed 134952 (11 nodes)
[7127] processed 134956 (12 nodes)
[7128] processed 134959 (12 nodes)
[7129] processed 134962 (11 nodes)
[7130] processed 134979 (12 nodes)
[7131] processed 134981 (11 nodes)
[7132] processed 135010 (11 nodes)
[7133] processed 135028 (11 nodes)
[7134] processed 135039 (11 nodes)
[7135] processed 135043 (12 nodes)
[7136] processed 135044 (11 nodes)
[7137] processed 135054 (12 nodes)
[7138] processed 135089 (11 nodes)
[7139] processed 135091 (11 nodes)
[7140] processed 135092 (11 nodes)
[7141] processed 135219 (11 nodes)
[7142] processed 135220 (11 nodes)
[7143] processed 135221 (11 nodes)
[7144] processed 135222 (11 nodes)
[7145] processed 135223 (11 nodes)
[7146] processed 135224 (12 nodes)
[7147] processed 135225 (11 nodes)
[7148] processed 135226 (12 nodes)
[7149] processed 135227 (12 nodes)
[7150] processed 135228 (12 nodes)
[7151] processed 135229 (11 nodes)
[7152] processed 135336 (11 nodes)
[7153] processed 135337 (12 nodes)
[7154] processed 135338 (12 nodes)
[7155] processed 135339 (11 nodes)
[7156] processed 135340 (12 nodes)
[7157] processed 135341 (11 nodes)
[7158] processed 135342 (11 nodes)
[7159] processed 135363 (12 nodes)
[7160] processed 135364 (11 nodes)
[7161] processed 135365 (12 nodes)
[7162] processed 135368 (11 nodes)
[7163] processed 135369 (11 nodes)
[7164] processed 135370 (12 nodes)
[7165] processed 135371 (11 nodes)
[7166] processed 135372 (12 nodes)
[7167] processed 135373 (11 nodes)
[7168] processed 135374 (12 nodes)
[7169] processed 135375 (12 nodes)
[7170] processed 135986 (11 nodes)
[7171] processed 135989 (12 nodes)
[7172] processed 135990 (11 nodes)
[7173] processed 136054 (11 nodes)
[7174] processed 136091 (11 nodes)
[7175] processed 136094 (11 nodes)
[7176] processed 136134 (12 nodes)
[7177] processed 136137 (12 nodes)
[7178] processed 136138 (11 nodes)
[7179] processed 136275 (11 nodes)
[7180] processed 136276 (12 nodes)
[7181] processed 136320 (12 nodes)
[7182] processed 136321 (11 nodes)
[7183] processed 136322 (11 nodes)
[7184] processed 136323 (11 nodes)
[7185] processed 136324 (11 nodes)
[7186] processed 136331 (11 nodes)
[7187] processed 136404 (12 nodes)
[7188] processed 136424 (11 nodes)
[7189] processed 136449 (11 nodes)
[7190] processed 136465 (11 nodes)
[7191] processed 136466 (12 nodes)
[7192] processed 136467 (11 nodes)
[7193] processed 136468 (11 nodes)
[7194] processed 136469 (11 nodes)
[7195] processed 136705 (11 nodes)
[7196] processed 136706 (11 nodes)
[7197] processed 136707 (11 nodes)
[7198] processed 136708 (11 nodes)
[7199] processed 136709 (11 nodes)
[7200] processed 136928 (11 nodes)
[7201] processed 136994 (12 nodes)
[7202] processed 136995 (12 nodes)
[7203] processed 137054 (11 nodes)
[7204] processed 137151 (12 nodes)
[7205] processed 137152 (11 nodes)
[7206] processed 137166 (11 nodes)
[7207] processed 137167 (12 nodes)
[7208] processed 137168 (12 nodes)
[7209] processed 137169 (11 nodes)
[7210] processed 137170 (12 nodes)
[7211] processed 137171 (12 nodes)
[7212] processed 137172 (11 nodes)
[7213] processed 137173 (12 nodes)
[7214] processed 137174 (11 nodes)
[7215] processed 137175 (11 nodes)
[7216] processed 137176 (12 nodes)
[7217] processed 137211 (11 nodes)
[7218] processed 137212 (11 nodes)
[7219] processed 137213 (12 nodes)
[7220] processed 137214 (11 nodes)
[7221] processed 137356 (11 nodes)
[7222] processed 137417 (12 nodes)
[7223] processed 137418 (12 nodes)
[7224] processed 137419 (11 nodes)
[7225] processed 137423 (11 nodes)
[7226] processed 137424 (12 nodes)
[7227] processed 137425 (11 nodes)
[7228] processed 137426 (11 nodes)
[7229] processed 137462 (11 nodes)
[7230] processed 137463 (12 nodes)
[7231] processed 137484 (11 nodes)
[7232] processed 137500 (11 nodes)
[7233] processed 137551 (11 nodes)
[7234] processed 137561 (12 nodes)
[7235] processed 137563 (11 nodes)
[7236] processed 137567 (12 nodes)
[7237] processed 137593 (11 nodes)
[7238] processed 137605 (11 nodes)
[7239] processed 137624 (12 nodes)
[7240] processed 137627 (11 nodes)
[7241] processed 137630 (12 nodes)
[7242] processed 137631 (12 nodes)
[7243] processed 137632 (12 nodes)
[7244] processed 137715 (11 nodes)
[7245] processed 137716 (11 nodes)
[7246] processed 137717 (11 nodes)
[7247] processed 137719 (11 nodes)
[7248] processed 137720 (12 nodes)
[7249] processed 137721 (12 nodes)
[7250] processed 137722 (11 nodes)
[7251] processed 137723 (12 nodes)
[7252] processed 137724 (12 nodes)
[7253] processed 137725 (11 nodes)
[7254] processed 137740 (11 nodes)
[7255] processed 137895 (12 nodes)
[7256] processed 137896 (11 nodes)
[7257] processed 137898 (11 nodes)
[7258] processed 137899 (11 nodes)
[7259] processed 137900 (11 nodes)
[7260] processed 137901 (12 nodes)
[7261] processed 137907 (11 nodes)
[7262] processed 137935 (11 nodes)
[7263] processed 137990 (12 nodes)
[7264] processed 137998 (11 nodes)
[7265] processed 138010 (11 nodes)
[7266] processed 138015 (12 nodes)
[7267] processed 138016 (11 nodes)
[7268] processed 138017 (11 nodes)
[7269] processed 138018 (12 nodes)
[7270] processed 138019 (11 nodes)
[7271] processed 138020 (12 nodes)
[7272] processed 138021 (12 nodes)
[7273] processed 138022 (12 nodes)
[7274] processed 138023 (12 nodes)
[7275] processed 138024 (12 nodes)
[7276] processed 138025 (11 nodes)
[7277] processed 138026 (12 nodes)
[7278] processed 138038 (12 nodes)
[7279] processed 138039 (11 nodes)
[7280] processed 138040 (11 nodes)
[7281] processed 138041 (12 nodes)
[7282] processed 138053 (11 nodes)
[7283] processed 138060 (11 nodes)
[7284] processed 138061 (11 nodes)
[7285] processed 138062 (12 nodes)
[7286] processed 138063 (12 nodes)
[7287] processed 138064 (12 nodes)
[7288] processed 138065 (12 nodes)
[7289] processed 138066 (12 nodes)
[7290] processed 138067 (12 nodes)
[7291] processed 138068 (12 nodes)
[7292] processed 138069 (12 nodes)
[7293] processed 138070 (12 nodes)
[7294] processed 138071 (12 nodes)
[7295] processed 138207 (11 nodes)
[7296] processed 138210 (11 nodes)
[7297] processed 138211 (11 nodes)
[7298] processed 138212 (12 nodes)
[7299] processed 138213 (11 nodes)
[7300] processed 138215 (12 nodes)
[7301] processed 138216 (11 nodes)
[7302] processed 138217 (12 nodes)
[7303] processed 138218 (11 nodes)
[7304] processed 138256 (12 nodes)
[7305] processed 138282 (11 nodes)
[7306] processed 138306 (12 nodes)
[7307] processed 138311 (12 nodes)
[7308] processed 138317 (12 nodes)
[7309] processed 138318 (11 nodes)
[7310] processed 138319 (11 nodes)
[7311] processed 138320 (12 nodes)
[7312] processed 138351 (11 nodes)
[7313] processed 138355 (12 nodes)
[7314] processed 138406 (11 nodes)
[7315] processed 138410 (11 nodes)
[7316] processed 138413 (11 nodes)
[7317] processed 138414 (11 nodes)
[7318] processed 138415 (12 nodes)
[7319] processed 138416 (12 nodes)
[7320] processed 138578 (11 nodes)
[7321] processed 138579 (12 nodes)
[7322] processed 138580 (11 nodes)
[7323] processed 138581 (12 nodes)
[7324] processed 139003 (11 nodes)
[7325] processed 139043 (11 nodes)
[7326] processed 139110 (11 nodes)
[7327] processed 139112 (11 nodes)
[7328] processed 139117 (11 nodes)
[7329] processed 139123 (11 nodes)
[7330] processed 139226 (11 nodes)
[7331] processed 139329 (11 nodes)
[7332] processed 139330 (12 nodes)
[7333] processed 139461 (12 nodes)
[7334] processed 139485 (11 nodes)
[7335] processed 139491 (11 nodes)
[7336] processed 139520 (12 nodes)
[7337] processed 139521 (12 nodes)
[7338] processed 139522 (12 nodes)
[7339] processed 139523 (12 nodes)
[7340] processed 139524 (12 nodes)
[7341] processed 139532 (11 nodes)
[7342] processed 139534 (12 nodes)
[7343] processed 139536 (12 nodes)
[7344] processed 139537 (11 nodes)
[7345] processed 139637 (12 nodes)
[7346] processed 139638 (11 nodes)
[7347] processed 139663 (11 nodes)
[7348] processed 139681 (11 nodes)
[7349] processed 139687 (11 nodes)
[7350] processed 139688 (11 nodes)
[7351] processed 139769 (11 nodes)
[7352] processed 139770 (11 nodes)
[7353] processed 139771 (11 nodes)
[7354] processed 139772 (11 nodes)
[7355] processed 139773 (12 nodes)
[7356] processed 139774 (12 nodes)
[7357] processed 139775 (12 nodes)
[7358] processed 139776 (11 nodes)
[7359] processed 139777 (11 nodes)
[7360] processed 139804 (12 nodes)
[7361] processed 139862 (11 nodes)
[7362] processed 139876 (12 nodes)
[7363] processed 139933 (11 nodes)
[7364] processed 139934 (11 nodes)
[7365] processed 139935 (11 nodes)
[7366] processed 139936 (12 nodes)
[7367] processed 139937 (11 nodes)
[7368] processed 139954 (12 nodes)
[7369] processed 139990 (12 nodes)
[7370] processed 139991 (12 nodes)
[7371] processed 139992 (11 nodes)
[7372] processed 139993 (12 nodes)
[7373] processed 139994 (12 nodes)
[7374] processed 139995 (12 nodes)
[7375] processed 140043 (12 nodes)
[7376] processed 140134 (11 nodes)
[7377] processed 140135 (12 nodes)
[7378] processed 140258 (11 nodes)
[7379] processed 140259 (12 nodes)
[7380] processed 140260 (11 nodes)
[7381] processed 140261 (11 nodes)
[7382] processed 140262 (12 nodes)
[7383] processed 140263 (12 nodes)
[7384] processed 140266 (11 nodes)
[7385] processed 140316 (11 nodes)
[7386] processed 140344 (12 nodes)
[7387] processed 140421 (12 nodes)
[7388] processed 140564 (11 nodes)
[7389] processed 140565 (11 nodes)
[7390] processed 140566 (11 nodes)
[7391] processed 140576 (12 nodes)
[7392] processed 140583 (11 nodes)
[7393] processed 140584 (12 nodes)
[7394] processed 140609 (12 nodes)
[7395] processed 140620 (12 nodes)
[7396] processed 140621 (11 nodes)
[7397] processed 140623 (11 nodes)
[7398] processed 140625 (12 nodes)
[7399] processed 140626 (12 nodes)
[7400] processed 140788 (11 nodes)
[7401] processed 140789 (12 nodes)
[7402] processed 140790 (12 nodes)
[7403] processed 140791 (12 nodes)
[7404] processed 140794 (12 nodes)
[7405] processed 140871 (11 nodes)
[7406] processed 140872 (11 nodes)
[7407] processed 140873 (11 nodes)
[7408] processed 140874 (11 nodes)
[7409] processed 140875 (11 nodes)
[7410] processed 140922 (11 nodes)
[7411] processed 140923 (12 nodes)
[7412] processed 140924 (11 nodes)
[7413] processed 140925 (12 nodes)
[7414] processed 140926 (11 nodes)
[7415] processed 140933 (11 nodes)
[7416] processed 140934 (11 nodes)
[7417] processed 140935 (12 nodes)
[7418] processed 140939 (11 nodes)
[7419] processed 141074 (12 nodes)
[7420] processed 141137 (11 nodes)
[7421] processed 141139 (12 nodes)
[7422] processed 141141 (11 nodes)
[7423] processed 141143 (11 nodes)
[7424] processed 141144 (12 nodes)
[7425] processed 141164 (12 nodes)
[7426] processed 141166 (12 nodes)
[7427] processed 141167 (11 nodes)
[7428] processed 141168 (11 nodes)
[7429] processed 141173 (11 nodes)
[7430] processed 141179 (12 nodes)
[7431] processed 141180 (11 nodes)
[7432] processed 141181 (11 nodes)
[7433] processed 141182 (12 nodes)
[7434] processed 141264 (11 nodes)
[7435] processed 141282 (12 nodes)
[7436] processed 141283 (11 nodes)
[7437] processed 141284 (11 nodes)
[7438] processed 141285 (11 nodes)
[7439] processed 141286 (12 nodes)
[7440] processed 141287 (11 nodes)
[7441] processed 141288 (12 nodes)
[7442] processed 141289 (12 nodes)
[7443] processed 141290 (12 nodes)
[7444] processed 141291 (11 nodes)
[7445] processed 141292 (12 nodes)
[7446] processed 141293 (11 nodes)
[7447] processed 141295 (11 nodes)
[7448] processed 141296 (11 nodes)
[7449] processed 141297 (11 nodes)
[7450] processed 141299 (11 nodes)
[7451] processed 141300 (11 nodes)
[7452] processed 141303 (12 nodes)
[7453] processed 141304 (12 nodes)
[7454] processed 141310 (11 nodes)
[7455] processed 141375 (11 nodes)
[7456] processed 141561 (11 nodes)
[7457] processed 141562 (11 nodes)
[7458] processed 141564 (11 nodes)
[7459] processed 141566 (12 nodes)
[7460] processed 141567 (11 nodes)
[7461] processed 141568 (12 nodes)
[7462] processed 141569 (11 nodes)
[7463] processed 141590 (11 nodes)
[7464] processed 141591 (12 nodes)
[7465] processed 141592 (11 nodes)
[7466] processed 141593 (11 nodes)
[7467] processed 141594 (11 nodes)
[7468] processed 141616 (11 nodes)
[7469] processed 141617 (12 nodes)
[7470] processed 141618 (11 nodes)
[7471] processed 141619 (12 nodes)
[7472] processed 141735 (12 nodes)
[7473] processed 141873 (11 nodes)
[7474] processed 141874 (11 nodes)
[7475] processed 141875 (11 nodes)
[7476] processed 141876 (12 nodes)
[7477] processed 141877 (11 nodes)
[7478] processed 141878 (11 nodes)
[7479] processed 141894 (12 nodes)
[7480] processed 141901 (11 nodes)
[7481] processed 141902 (11 nodes)
[7482] processed 141903 (12 nodes)
[7483] processed 141972 (11 nodes)
[7484] processed 142078 (11 nodes)
[7485] processed 142079 (12 nodes)
[7486] processed 142080 (12 nodes)
[7487] processed 142081 (11 nodes)
[7488] processed 142082 (11 nodes)
[7489] processed 142083 (11 nodes)
[7490] processed 142084 (11 nodes)
[7491] processed 142085 (11 nodes)
[7492] processed 142086 (11 nodes)
[7493] processed 142087 (11 nodes)
[7494] processed 142088 (12 nodes)
[7495] processed 142089 (11 nodes)
[7496] processed 142091 (11 nodes)
[7497] processed 142092 (11 nodes)
[7498] processed 142093 (12 nodes)
[7499] processed 142094 (11 nodes)
[7500] processed 142096 (11 nodes)
[7501] processed 142097 (12 nodes)
[7502] processed 142098 (11 nodes)
[7503] processed 142128 (12 nodes)
[7504] processed 142129 (11 nodes)
[7505] processed 142132 (11 nodes)
[7506] processed 142133 (12 nodes)
[7507] processed 142358 (12 nodes)
[7508] processed 142359 (11 nodes)
[7509] processed 142360 (11 nodes)
[7510] processed 142361 (12 nodes)
[7511] processed 142362 (11 nodes)
[7512] processed 142381 (11 nodes)
[7513] processed 142402 (11 nodes)
[7514] processed 142418 (11 nodes)
[7515] processed 142433 (12 nodes)
[7516] processed 142511 (11 nodes)
[7517] processed 142516 (12 nodes)
[7518] processed 142517 (11 nodes)
[7519] processed 142519 (12 nodes)
[7520] processed 142528 (11 nodes)
[7521] processed 142529 (11 nodes)
[7522] processed 142530 (11 nodes)
[7523] processed 142531 (12 nodes)
[7524] processed 142532 (11 nodes)
[7525] processed 142533 (11 nodes)
[7526] processed 142534 (12 nodes)
[7527] processed 142535 (11 nodes)
[7528] processed 142536 (12 nodes)
[7529] processed 142537 (12 nodes)
[7530] processed 142538 (11 nodes)
[7531] processed 142539 (12 nodes)
[7532] processed 142549 (11 nodes)
[7533] processed 142550 (11 nodes)
[7534] processed 142551 (12 nodes)
[7535] processed 142552 (12 nodes)
[7536] processed 142553 (12 nodes)
[7537] processed 142563 (11 nodes)
[7538] processed 142564 (11 nodes)
[7539] processed 142565 (12 nodes)
[7540] processed 142566 (11 nodes)
[7541] processed 142567 (12 nodes)
[7542] processed 142568 (11 nodes)
[7543] processed 142569 (11 nodes)
[7544] processed 142570 (11 nodes)
[7545] processed 142571 (11 nodes)
[7546] processed 142572 (11 nodes)
[7547] processed 142573 (11 nodes)
[7548] processed 142574 (12 nodes)
[7549] processed 142575 (12 nodes)
[7550] processed 142576 (11 nodes)
[7551] processed 142577 (11 nodes)
[7552] processed 142579 (12 nodes)
[7553] processed 142641 (11 nodes)
[7554] processed 142666 (12 nodes)
[7555] processed 142668 (11 nodes)
[7556] processed 142669 (12 nodes)
[7557] processed 142670 (11 nodes)
[7558] processed 142671 (11 nodes)
[7559] processed 142672 (11 nodes)
[7560] processed 142947 (11 nodes)
[7561] processed 142948 (12 nodes)
[7562] processed 142949 (12 nodes)
[7563] processed 142950 (12 nodes)
[7564] processed 143039 (11 nodes)
[7565] processed 143046 (11 nodes)
[7566] processed 143055 (12 nodes)
[7567] processed 143056 (11 nodes)
[7568] processed 143057 (12 nodes)
[7569] processed 143058 (11 nodes)
[7570] processed 143059 (11 nodes)
[7571] processed 143060 (12 nodes)
[7572] processed 143061 (11 nodes)
[7573] processed 143095 (11 nodes)
[7574] processed 143097 (12 nodes)
[7575] processed 143098 (12 nodes)
[7576] processed 143099 (12 nodes)
[7577] processed 143106 (12 nodes)
[7578] processed 143186 (11 nodes)
[7579] processed 143214 (12 nodes)
[7580] processed 143215 (11 nodes)
[7581] processed 143216 (11 nodes)
[7582] processed 143217 (11 nodes)
[7583] processed 143218 (12 nodes)
[7584] processed 143219 (11 nodes)
[7585] processed 143220 (12 nodes)
[7586] processed 143221 (12 nodes)
[7587] processed 143237 (12 nodes)
[7588] processed 143239 (12 nodes)
[7589] processed 143290 (11 nodes)
[7590] processed 143295 (12 nodes)
[7591] processed 143296 (12 nodes)
[7592] processed 143299 (12 nodes)
[7593] processed 143300 (12 nodes)
[7594] processed 143303 (11 nodes)
[7595] processed 143304 (12 nodes)
[7596] processed 143305 (11 nodes)
[7597] processed 143306 (12 nodes)
[7598] processed 143307 (11 nodes)
[7599] processed 143308 (12 nodes)
[7600] processed 143309 (11 nodes)
[7601] processed 143318 (12 nodes)
[7602] processed 143319 (11 nodes)
[7603] processed 143532 (12 nodes)
[7604] processed 143941 (12 nodes)
[7605] processed 143989 (11 nodes)
[7606] processed 143995 (12 nodes)
[7607] processed 144170 (12 nodes)
[7608] processed 144171 (11 nodes)
[7609] processed 144172 (12 nodes)
[7610] processed 144173 (12 nodes)
[7611] processed 144179 (12 nodes)
[7612] processed 144180 (12 nodes)
[7613] processed 144181 (11 nodes)
[7614] processed 144182 (12 nodes)
[7615] processed 144212 (12 nodes)
[7616] processed 144213 (12 nodes)
[7617] processed 144214 (11 nodes)
[7618] processed 144215 (11 nodes)
[7619] processed 144216 (11 nodes)
[7620] processed 144423 (11 nodes)
[7621] processed 144424 (12 nodes)
[7622] processed 144454 (12 nodes)
[7623] processed 144465 (12 nodes)
[7624] processed 144466 (11 nodes)
[7625] processed 144467 (11 nodes)
[7626] processed 144468 (11 nodes)
[7627] processed 144469 (12 nodes)
[7628] processed 144470 (12 nodes)
[7629] processed 144471 (12 nodes)
[7630] processed 144472 (11 nodes)
[7631] processed 144473 (12 nodes)
[7632] processed 144474 (11 nodes)
[7633] processed 144475 (11 nodes)
[7634] processed 144476 (11 nodes)
[7635] processed 144477 (11 nodes)
[7636] processed 144487 (12 nodes)
[7637] processed 144492 (11 nodes)
[7638] processed 144542 (11 nodes)
[7639] processed 144543 (11 nodes)
[7640] processed 144544 (11 nodes)
[7641] processed 144545 (11 nodes)
[7642] processed 144546 (12 nodes)
[7643] processed 144547 (12 nodes)
[7644] processed 144548 (11 nodes)
[7645] processed 144549 (11 nodes)
[7646] processed 144550 (11 nodes)
[7647] processed 144551 (12 nodes)
[7648] processed 144552 (12 nodes)
[7649] processed 144587 (12 nodes)
[7650] processed 144592 (11 nodes)
[7651] processed 144600 (12 nodes)
[7652] processed 144733 (11 nodes)
[7653] processed 144740 (12 nodes)
[7654] processed 144741 (11 nodes)
[7655] processed 144801 (12 nodes)
[7656] processed 144809 (12 nodes)
[7657] processed 144810 (12 nodes)
[7658] processed 144933 (11 nodes)
[7659] processed 144934 (11 nodes)
[7660] processed 144935 (12 nodes)
[7661] processed 144936 (11 nodes)
[7662] processed 144937 (11 nodes)
[7663] processed 144938 (11 nodes)
[7664] processed 144939 (12 nodes)
[7665] processed 144940 (11 nodes)
[7666] processed 144941 (12 nodes)
[7667] processed 144942 (11 nodes)
[7668] processed 144943 (12 nodes)
[7669] processed 144944 (12 nodes)
[7670] processed 144945 (12 nodes)
[7671] processed 144946 (12 nodes)
[7672] processed 145002 (11 nodes)
[7673] processed 145003 (11 nodes)
[7674] processed 145004 (11 nodes)
[7675] processed 145005 (11 nodes)
[7676] processed 145020 (11 nodes)
[7677] processed 145027 (11 nodes)
[7678] processed 145041 (11 nodes)
[7679] processed 145042 (12 nodes)
[7680] processed 145043 (11 nodes)
[7681] processed 145058 (12 nodes)
[7682] processed 145059 (12 nodes)
[7683] processed 145067 (12 nodes)
[7684] processed 145068 (11 nodes)
[7685] processed 145074 (11 nodes)
[7686] processed 145183 (11 nodes)
[7687] processed 145189 (11 nodes)
[7688] processed 145199 (11 nodes)
[7689] processed 145241 (12 nodes)
[7690] processed 145257 (11 nodes)
[7691] processed 145258 (11 nodes)
[7692] processed 145259 (11 nodes)
[7693] processed 145260 (11 nodes)
[7694] processed 145431 (12 nodes)
[7695] processed 145432 (11 nodes)
[7696] processed 145457 (12 nodes)
[7697] processed 145458 (12 nodes)
[7698] processed 145462 (11 nodes)
[7699] processed 145464 (12 nodes)
[7700] processed 145475 (12 nodes)
[7701] processed 145476 (11 nodes)
[7702] processed 145477 (12 nodes)
[7703] processed 145549 (12 nodes)
[7704] processed 145550 (11 nodes)
[7705] processed 145551 (11 nodes)
[7706] processed 145552 (12 nodes)
[7707] processed 145553 (11 nodes)
[7708] processed 145554 (11 nodes)
[7709] processed 145555 (12 nodes)
[7710] processed 145556 (11 nodes)
[7711] processed 145606 (11 nodes)
[7712] processed 145607 (12 nodes)
[7713] processed 145608 (11 nodes)
[7714] processed 145609 (12 nodes)
[7715] processed 145610 (11 nodes)
[7716] processed 145645 (12 nodes)
[7717] processed 145646 (12 nodes)
[7718] processed 145653 (12 nodes)
[7719] processed 145702 (11 nodes)
[7720] processed 145703 (12 nodes)
[7721] processed 145704 (12 nodes)
[7722] processed 145705 (11 nodes)
[7723] processed 145706 (12 nodes)
[7724] processed 145707 (11 nodes)
[7725] processed 145708 (11 nodes)
[7726] processed 145709 (12 nodes)
[7727] processed 145710 (12 nodes)
[7728] processed 145711 (11 nodes)
[7729] processed 145724 (12 nodes)
[7730] processed 145727 (11 nodes)
[7731] processed 145728 (11 nodes)
[7732] processed 145729 (11 nodes)
[7733] processed 145730 (12 nodes)
[7734] processed 145741 (11 nodes)
[7735] processed 145742 (12 nodes)
[7736] processed 145743 (12 nodes)
[7737] processed 145744 (11 nodes)
[7738] processed 145745 (11 nodes)
[7739] processed 145746 (11 nodes)
[7740] processed 145747 (11 nodes)
[7741] processed 145748 (12 nodes)
[7742] processed 145749 (11 nodes)
[7743] processed 145750 (11 nodes)
[7744] processed 145751 (12 nodes)
[7745] processed 145752 (12 nodes)
[7746] processed 145754 (11 nodes)
[7747] processed 145755 (11 nodes)
[7748] processed 145756 (11 nodes)
[7749] processed 145757 (12 nodes)
[7750] processed 145758 (12 nodes)
[7751] processed 145759 (11 nodes)
[7752] processed 145760 (12 nodes)
[7753] processed 145761 (11 nodes)
[7754] processed 145762 (12 nodes)
[7755] processed 145777 (11 nodes)
[7756] processed 145780 (11 nodes)
[7757] processed 145783 (11 nodes)
[7758] processed 145887 (11 nodes)
[7759] processed 145917 (11 nodes)
[7760] processed 145918 (12 nodes)
[7761] processed 146017 (12 nodes)
[7762] processed 146018 (11 nodes)
[7763] processed 146019 (12 nodes)
[7764] processed 146020 (11 nodes)
[7765] processed 146070 (11 nodes)
[7766] processed 146147 (11 nodes)
[7767] processed 146148 (11 nodes)
[7768] processed 146149 (12 nodes)
[7769] processed 146150 (11 nodes)
[7770] processed 146151 (11 nodes)
[7771] processed 146152 (11 nodes)
[7772] processed 146153 (12 nodes)
[7773] processed 146343 (11 nodes)
[7774] processed 146458 (11 nodes)
[7775] processed 146478 (12 nodes)
[7776] processed 146481 (11 nodes)
[7777] processed 146482 (11 nodes)
[7778] processed 146483 (11 nodes)
[7779] processed 146639 (12 nodes)
[7780] processed 146681 (11 nodes)
[7781] processed 146683 (11 nodes)
[7782] processed 146685 (11 nodes)
[7783] processed 146687 (11 nodes)
[7784] processed 146689 (11 nodes)
[7785] processed 146713 (11 nodes)
[7786] processed 146716 (12 nodes)
[7787] processed 146724 (11 nodes)
[7788] processed 146725 (11 nodes)
[7789] processed 146726 (11 nodes)
[7790] processed 146727 (11 nodes)
[7791] processed 146879 (12 nodes)
[7792] processed 146961 (11 nodes)
[7793] processed 146968 (11 nodes)
[7794] processed 146969 (12 nodes)
[7795] processed 146970 (12 nodes)
[7796] processed 146988 (12 nodes)
[7797] processed 146989 (12 nodes)
[7798] processed 147020 (11 nodes)
[7799] processed 147021 (11 nodes)
[7800] processed 147022 (11 nodes)
[7801] processed 147023 (12 nodes)
[7802] processed 147024 (12 nodes)
[7803] processed 147059 (11 nodes)
[7804] processed 147085 (11 nodes)
[7805] processed 147086 (11 nodes)
[7806] processed 147087 (11 nodes)
[7807] processed 147126 (12 nodes)
[7808] processed 147191 (11 nodes)
[7809] processed 147261 (11 nodes)
[7810] processed 147265 (11 nodes)
[7811] processed 147267 (12 nodes)
[7812] processed 147268 (11 nodes)
[7813] processed 147269 (11 nodes)
[7814] processed 147295 (11 nodes)
[7815] processed 147309 (11 nodes)
[7816] processed 147409 (11 nodes)
[7817] processed 147412 (12 nodes)
[7818] processed 147413 (11 nodes)
[7819] processed 147780 (12 nodes)
[7820] processed 147815 (11 nodes)
[7821] processed 147886 (12 nodes)
[7822] processed 147956 (12 nodes)
[7823] processed 148002 (11 nodes)
[7824] processed 148028 (11 nodes)
[7825] processed 148031 (11 nodes)
[7826] processed 148032 (11 nodes)
[7827] processed 148066 (12 nodes)
[7828] processed 148070 (11 nodes)
[7829] processed 148074 (11 nodes)
[7830] processed 148075 (11 nodes)
[7831] processed 148076 (11 nodes)
[7832] processed 148077 (11 nodes)
[7833] processed 148078 (11 nodes)
[7834] processed 148079 (11 nodes)
[7835] processed 148082 (12 nodes)
[7836] processed 148099 (12 nodes)
[7837] processed 148112 (12 nodes)
[7838] processed 148113 (11 nodes)
[7839] processed 148114 (12 nodes)
[7840] processed 148120 (12 nodes)
[7841] processed 148121 (11 nodes)
[7842] processed 148124 (11 nodes)
[7843] processed 148130 (12 nodes)
[7844] processed 148131 (11 nodes)
[7845] processed 148132 (11 nodes)
[7846] processed 148133 (12 nodes)
[7847] processed 148168 (11 nodes)
[7848] processed 148186 (11 nodes)
[7849] processed 148187 (11 nodes)
[7850] processed 148190 (11 nodes)
[7851] processed 148208 (12 nodes)
[7852] processed 148210 (11 nodes)
[7853] processed 148211 (11 nodes)
[7854] processed 148212 (12 nodes)
[7855] processed 148213 (11 nodes)
[7856] processed 148214 (12 nodes)
[7857] processed 148215 (12 nodes)
[7858] processed 148216 (12 nodes)
[7859] processed 148217 (12 nodes)
[7860] processed 148218 (12 nodes)
[7861] processed 148231 (12 nodes)
[7862] processed 148233 (12 nodes)
[7863] processed 148234 (11 nodes)
[7864] processed 148235 (11 nodes)
[7865] processed 148246 (11 nodes)
[7866] processed 148285 (11 nodes)
[7867] processed 148286 (11 nodes)
[7868] processed 148287 (11 nodes)
[7869] processed 148288 (11 nodes)
[7870] processed 148289 (12 nodes)
[7871] processed 148290 (11 nodes)
[7872] processed 148302 (11 nodes)
[7873] processed 148303 (12 nodes)
[7874] processed 148305 (11 nodes)
[7875] processed 148429 (12 nodes)
[7876] processed 148430 (12 nodes)
[7877] processed 148439 (11 nodes)
[7878] processed 148441 (11 nodes)
[7879] processed 148443 (12 nodes)
[7880] processed 148444 (12 nodes)
[7881] processed 148510 (12 nodes)
[7882] processed 148513 (12 nodes)
[7883] processed 148514 (11 nodes)
[7884] processed 148516 (11 nodes)
[7885] processed 148517 (11 nodes)
[7886] processed 148518 (11 nodes)
[7887] processed 148519 (11 nodes)
[7888] processed 148532 (12 nodes)
[7889] processed 148535 (11 nodes)
[7890] processed 148536 (11 nodes)
[7891] processed 148537 (11 nodes)
[7892] processed 148584 (12 nodes)
[7893] processed 148585 (12 nodes)
[7894] processed 148586 (11 nodes)
[7895] processed 148587 (11 nodes)
[7896] processed 148602 (11 nodes)
[7897] processed 148603 (12 nodes)
[7898] processed 148604 (11 nodes)
[7899] processed 148605 (12 nodes)
[7900] processed 148606 (12 nodes)
[7901] processed 148607 (11 nodes)
[7902] processed 148608 (12 nodes)
[7903] processed 148609 (12 nodes)
[7904] processed 148610 (12 nodes)
[7905] processed 148611 (11 nodes)
[7906] processed 148612 (12 nodes)
[7907] processed 148613 (12 nodes)
[7908] processed 148773 (11 nodes)
[7909] processed 149075 (12 nodes)
[7910] processed 149078 (12 nodes)
[7911] processed 149082 (11 nodes)
[7912] processed 149083 (12 nodes)
[7913] processed 149099 (12 nodes)
[7914] processed 149100 (11 nodes)
[7915] processed 149101 (12 nodes)
[7916] processed 149102 (11 nodes)
[7917] processed 149103 (11 nodes)
[7918] processed 149118 (12 nodes)
[7919] processed 149124 (12 nodes)
[7920] processed 149138 (12 nodes)
[7921] processed 149139 (12 nodes)
[7922] processed 149140 (11 nodes)
[7923] processed 149141 (12 nodes)
[7924] processed 149142 (11 nodes)
[7925] processed 149143 (11 nodes)
[7926] processed 149185 (11 nodes)
[7927] processed 149369 (11 nodes)
[7928] processed 149370 (12 nodes)
[7929] processed 149416 (11 nodes)
[7930] processed 149417 (12 nodes)
[7931] processed 149422 (12 nodes)
[7932] processed 149452 (11 nodes)
[7933] processed 149488 (12 nodes)
[7934] processed 149523 (12 nodes)
[7935] processed 149623 (11 nodes)
[7936] processed 149625 (11 nodes)
[7937] processed 149626 (11 nodes)
[7938] processed 149687 (11 nodes)
[7939] processed 149689 (11 nodes)
[7940] processed 149690 (11 nodes)
[7941] processed 149700 (11 nodes)
[7942] processed 149701 (11 nodes)
[7943] processed 149712 (12 nodes)
[7944] processed 149714 (12 nodes)
[7945] processed 149727 (11 nodes)
[7946] processed 149750 (11 nodes)
[7947] processed 149775 (12 nodes)
[7948] processed 149776 (12 nodes)
[7949] processed 149777 (12 nodes)
[7950] processed 149778 (12 nodes)
[7951] processed 149842 (11 nodes)
[7952] processed 149951 (12 nodes)
[7953] processed 149953 (12 nodes)
[7954] processed 150015 (12 nodes)
[7955] processed 150017 (12 nodes)
[7956] processed 150018 (12 nodes)
[7957] processed 150062 (12 nodes)
[7958] processed 150063 (11 nodes)
[7959] processed 150064 (11 nodes)
[7960] processed 150073 (12 nodes)
[7961] processed 150078 (11 nodes)
[7962] processed 150079 (12 nodes)
[7963] processed 150080 (11 nodes)
[7964] processed 150265 (11 nodes)
[7965] processed 150266 (12 nodes)
[7966] processed 150267 (11 nodes)
[7967] processed 150268 (11 nodes)
[7968] processed 150287 (12 nodes)
[7969] processed 150288 (12 nodes)
[7970] processed 151404 (12 nodes)
[7971] processed 152103 (12 nodes)
[7972] processed 152253 (11 nodes)
[7973] processed 152254 (11 nodes)
[7974] processed 152258 (12 nodes)
[7975] processed 152261 (12 nodes)
[7976] processed 152262 (12 nodes)
[7977] processed 152324 (12 nodes)
[7978] processed 152418 (12 nodes)
[7979] processed 152425 (12 nodes)
[7980] processed 152480 (12 nodes)
[7981] processed 152543 (12 nodes)
[7982] processed 152545 (11 nodes)
[7983] processed 152568 (12 nodes)
[7984] processed 152569 (11 nodes)
[7985] processed 152570 (11 nodes)
[7986] processed 153337 (12 nodes)
[7987] processed 153383 (12 nodes)
[7988] processed 153452 (11 nodes)
[7989] processed 153946 (12 nodes)
[7990] processed 153955 (11 nodes)
[7991] processed 153956 (12 nodes)
[7992] processed 154303 (11 nodes)
[7993] processed 154305 (12 nodes)
[7994] processed 154306 (12 nodes)
[7995] processed 154307 (11 nodes)
[7996] processed 154308 (11 nodes)
[7997] processed 154309 (11 nodes)
[7998] processed 154413 (12 nodes)
[7999] processed 154414 (11 nodes)
[8000] processed 155066 (11 nodes)
Processed tracks: 7994
Graph output: D:\425 project\gnn-bert-music-context\data\processed_full\graphs
Split manifests: D:\425 project\gnn-bert-music-context\data\splits_full
